 Customer ID,Account Number,Type of account,Branch in which Account ,Acct Status,Account Opening Branch,Scheme Code,Account Name,Account Opn Date,Ledger Balance ,Available Balance,Funds in clearings,Drawing Power ,Lien Amt,Customer Name,Joint Holder Name 1,Joint Holder Name 2,Joint Holder Name 3,Mode of Operation
435723112,29040100001234,SBA,2904,A,2904,SB112,Amil Parvatinandan Amarnath,8/26/2002,0,3080.25,1447.53,103.56,0,Amil Parvatinandan Amarnath,SMITA PARESH PARIYA,,,EITHER OR SURVIVOR
436724113,12480100001235,SBA,1248,A,2904,SB112,Aloke Ashok Bipen,6/26/2002,0,7077.84,0,648.12,0,Aloke Ashok Bipen,KISHORE C KHETWANI,,,EITHER OR SURVIVOR
436724113,29040100001236,SBA,2904,A,2904,SB112,Aloke Ashok Bipen,4/30/2003,0,37293.55,1708.84,0,0,Aloke Ashok Bipen,,,,SELF
436724113,29040100001237,SBA,2904,A,2904,SB101,Aloke Ashok Bipen,3/9/2011,0,0,0,12167.85,0,Aloke Ashok Bipen,DHANANJAY S KULKARNI (CLERK),,,EITHER OR SURVIVOR
437725114,05720100021238,SBA,5604,A,0572,SB112,Nirijhar Abhijaya Bonjani,10/20/2014,0,21690.75,103.56,3726,0,Nirijhar Abhijaya Bonjani,,,,SELF
437725114,05720200001239,CAA,0572,A,0572,CA101,Nirijhar Abhijaya Bonjani,9/30/2014,0,0,648.12,1656.55,0,Nirijhar Abhijaya Bonjani,,,,SELF
437725114,07320100001240,SBA,0732,A,0572,SB112,Nirijhar Abhijaya Bonjani,8/8/2007,0,0,0,2103.08,0,Nirijhar Abhijaya Bonjani,,,,SELF
437725114,17370100011241,SBA,1737,A,0572,SB112,Nirijhar Abhijaya Bonjani,10/25/2014,0,122233,12167.85,3907.81,0,Nirijhar Abhijaya Bonjani,,,,SELF
437725114,32740100001242,SBA,3274,A,0572,SB112,Nirijhar Abhijaya Bonjani,5/21/2010,0,0,3726,19835.01,0,Nirijhar Abhijaya Bonjani,,,,SELF
438726115,04740100001243,SBA,0474,A,0474,SB112,Pragyawati Pramiti Buchar,10/1/1994,0,6049.36,1656.55,0,0,Pragyawati Pramiti Buchar,GODSE DAGDU WALU,.,,SELF
439727116,08110100001244,SBA,0811,A,0811,SB101,Manju Godavari Chandar,9/20/2005,0,529.24,2103.08,2027,496.23,Manju Godavari Chandar,,,,SELF
439727116,08110100011245,SBA,0811,A,0811,SB101,Manju Godavari Chandar,3/30/2012,0,202.5,3907.81,1101.16,436,Manju Godavari Chandar,RAJKUMARI HARJANI WO SANJAY HARJANI,,,EITHER OR SURVIVOR
439727116,08110100011246,SBA,0811,A,0811,SB101,Manju Godavari Chandar,7/20/2012,0,12,19835.01,0,500.5,Manju Godavari Chandar,,,,SELF
439727116,08110100011247,SBA,0811,A,0811,SB101,Manju Godavari Chandar,3/4/2014,0,0,0,4051.55,384.75,Manju Godavari Chandar,RAJKUMARI HARJANI WO SANJAY HARJANI,,,EITHER OR SURVIVOR
440728117,01230100021248,SBA,0123,A,1285,SB101,Sarang Shantashil Chengelpet,6/30/2016,0,0,2027,0,0,Sarang Shantashil Chengelpet,,,,
440728117,01230100021249,SBA,0123,A,1285,SB101,Sarang Shantashil Chengelpet,6/30/2016,0,0,1101.16,1092.45,0,Sarang Shantashil Chengelpet,,,,
440728117,01230100021250,SBA,0123,A,1285,SB101,Sarang Shantashil Chengelpet,10/28/2016,0,0,0,46008.98,0,Sarang Shantashil Chengelpet,,,,SELF
440728117,01770100001251,SBA,0177,A,1285,SB112,Sarang Shantashil Chengelpet,10/10/2008,0,0,4051.55,2708,0,Sarang Shantashil Chengelpet,,,,SELF
440728117,01770100001252,SBA,0177,A,1285,SB112,Sarang Shantashil Chengelpet,10/10/2008,0,0,0,4951.65,0,Sarang Shantashil Chengelpet,,,,SELF
440728117,12850100001253,SBA,1285,A,1285,SB112,Sarang Shantashil Chengelpet,7/29/2004,0,73947.15,1092.45,0,0,Sarang Shantashil Chengelpet,,,,SELF
440728117,12850100011254,SBA,1285,A,1285,SB112,Sarang Shantashil Chengelpet,6/2/2017,0,1033660,46008.98,0,0,Sarang Shantashil Chengelpet,,,,SELF
441729118,12480100001255,SBA,1248,A,1248,SB112,Sharan Pran Chinnakannan,10/31/2002,9,555083.75,2708,0,0,Sharan Pran Chinnakannan,,,,SELF
441729118,12480100001256,SBA,1248,A,1248,SB101,Sharan Pran Chinnakannan,12/18/2003,0,2942.74,4951.65,0,0,Sharan Pran Chinnakannan,DHANASHREE D HIRVE [STAFF],,,EITHER OR SURVIVOR
441729118,12480100001257,SBA,1248,A,1248,SB112,Sharan Pran Chinnakannan,12/24/2003,0,23270.5,80770.28,0,0,Sharan Pran Chinnakannan,DHANASHREE DHANANJAY HIRVE,,,EITHER OR SURVIVOR
441729118,42080100001258,SBA,4208,A,1248,SB112,Sharan Pran Chinnakannan,3/31/2015,0,0,51685.45,0,0,Sharan Pran Chinnakannan,,,,SELF
442730119,17370100001259,SBA,1737,A,1737,SB113,Niket Sitikantha Choudhari,9/28/2001,0,78347.91,58693.06,0,0,Niket Sitikantha Choudhari,SANTOSH MAHESHWARI W/O RAMGOPAL,,,ANY ONE PARTNER
443731120,08160100011260,SBA,4581,A,4581,SB112,Abhinava Ranganath Chudasama,2/13/2006,0,1076,1419.05,0,0,Abhinava Ranganath Chudasama,,,,SELF
443731120,16210100021261,SBA,1621,A,4581,SB112,Abhinava Ranganath Chudasama,9/4/2013,0,16,5,0,0,Abhinava Ranganath Chudasama,,,,SELF
443731120,27790100011262,SBA,2779,A,4581,SB112,Abhinava Ranganath Chudasama,4/30/2001,0,4389.43,6824.33,9,0,Abhinava Ranganath Chudasama,,,,EITHER OR SURVIVOR
443731120,45810100001263,SBA,4581,A,4581,SB101,Abhinava Ranganath Chudasama,4/25/2015,0,197463.31,129.15,1033660,0,Abhinava Ranganath Chudasama,USHA  SINGH,,,EITHER OR SURVIVOR
444732121,12090100001264,SBA,1209,A,1209,SB112,Devabrata Supriya Dharuna,4/29/1989,0,0.25,0,555083.75,0,Devabrata Supriya Dharuna,,,,SELF
445733122,01320100011265,SBA,1058,A,1959,SB134,Azzam Shvetank Dharuna,9/27/2012,0,1447.53,19556.97,2942.74,0,Azzam Shvetank Dharuna,,,,SELF
445733122,01530100021266,SBA,0153,A,1959,SB123,Azzam Shvetank Dharuna,8/2/2013,0,0,2422.09,23270.5,0,Azzam Shvetank Dharuna,,,,SELF
445733122,10580100001267,SBA,1058,A,1959,SB101,Azzam Shvetank Dharuna,11/10/1999,0,1708.84,0,0,0,Azzam Shvetank Dharuna,,,,SELF
445733122,19590100011268,SBA,1959,A,1959,SB101,Azzam Shvetank Dharuna,11/29/2008,0,0,0,78347.91,0,Azzam Shvetank Dharuna,,,,
446734123,01460100011269,SBA,0146,A,0146,SB112,Nischal Sankara Dhrtiman,8/2/1985,0,103.56,0,1076,0,Nischal Sankara Dhrtiman,PAPAN DUNGARSINH MEHTA,,,EITHER OR SURVIVOR
446734123,01460100011270,SBA,0146,A,0146,SB112,Nischal Sankara Dhrtiman,8/16/1985,0,648.12,154.71,16,0,Nischal Sankara Dhrtiman,,,,SELF
446734123,01460100011271,SBA,0146,A,0146,SB123,Nischal Sankara Dhrtiman,12/26/2006,0,0,58027.74,4389.43,0,Nischal Sankara Dhrtiman,,,,
447735124,08440100001272,SBA,0844,A,0844,SB112,Kokila Shreemayi Dinkerrai,8/31/2006,0,12167.85,53276.31,197463.31,0,Kokila Shreemayi Dinkerrai,,,,SELF
447735124,08440100011273,SBA,0844,A,0844,SB112,Kokila Shreemayi Dinkerrai,11/11/2014,0,3726,1746.01,0.25,0,Kokila Shreemayi Dinkerrai,,,,SELF
447735124,09920100001274,SBA,0992,A,0844,SB112,Kokila Shreemayi Dinkerrai,5/31/2000,0,1656.55,60009.85,1447.53,0,Kokila Shreemayi Dinkerrai,SHOBHANA T V,,,EITHER OR SURVIVOR
448736125,06670100021275,SBA,0667,A,0779,SB112,Chandrakanta Vishwanath Diwan,3/24/2009,0,2103.08,153422.13,0,0,Chandrakanta Vishwanath Diwan,,,,SELF
448736125,06670100021276,SBA,0667,A,0779,SB112,Chandrakanta Vishwanath Diwan,7/15/2009,0,3907.81,130.22,1708.84,0,Chandrakanta Vishwanath Diwan,ARPITHA SURESHKUMAR GOURU,,,EITHER OR SURVIVOR
448736125,07790100001277,SBA,1530,A,0779,SB134,Chandrakanta Vishwanath Diwan,7/5/2006,0,19835.01,16.4,0,0,Chandrakanta Vishwanath Diwan,,,,SELF
448736125,24030100001278,SBA,2403,A,0779,SB112,Chandrakanta Vishwanath Diwan,12/24/2007,0,0,0,103.56,0,Chandrakanta Vishwanath Diwan,,,,
448736125,30560100001279,SBA,3056,A,0779,SB112,Chandrakanta Vishwanath Diwan,7/7/2010,0,2027,50174.62,1033660,0,Chandrakanta Vishwanath Diwan,,,,SELF
449737126,03700100021280,SBA,0370,A,0370,SB112,Shanti Rajalakshmi Duvvoori,8/23/2001,0,1101.16,0,555083.75,0,Shanti Rajalakshmi Duvvoori,YOSHITA RATHOD,,,EITHER OR SURVIVOR
449737126,03700100021281,SBA,0370,A,0370,SB112,Shanti Rajalakshmi Duvvoori,6/8/2006,0,0,44677.65,2942.74,0,Shanti Rajalakshmi Duvvoori,,,,SELF
449737126,03700100031282,SBA,0370,A,0370,SB112,Shanti Rajalakshmi Duvvoori,10/8/2010,0,4051.55,107973.71,23270.5,0,Shanti Rajalakshmi Duvvoori,,,,
449737126,03700100041283,SBA,0370,A,0370,SB112,Shanti Rajalakshmi Duvvoori,9/25/2013,0,0,0,0,0,Shanti Rajalakshmi Duvvoori,YOSHITA RATHOD,,,EITHER OR SURVIVOR
450738127,05320100001284,SBA,0532,A,0532,SB101,Vijanyendra Muralimanohar Edulbehram,6/4/1993,0,1092.45,1121727.14,78347.91,0,Vijanyendra Muralimanohar Edulbehram,,,,SELF
451739128,00310100001285,SBA,0031,A,0031,SB113,Lankesh Purnanada Engineer,6/23/1998,0,46008.98,51520.95,1076,0,Lankesh Purnanada Engineer,,,,SELF
451739128,04490100021286,SBA,0449,A,0031,SB112,Lankesh Purnanada Engineer,3/31/2013,0,2708,19496.34,16,0,Lankesh Purnanada Engineer,,,,SELF
451739128,09020100001287,SBA,0902,A,0031,SB112,Lankesh Purnanada Engineer,6/22/1992,0,4951.65,0,4389.43,0,Lankesh Purnanada Engineer,,,,SELF
451739128,19700100001288,SBA,1970,A,0031,SB112,Lankesh Purnanada Engineer,12/7/1987,0,80770.28,0,197463.31,0,Lankesh Purnanada Engineer,KABITA   MITRA,PRASANTA KR.MITRA,,ANY ONE OR SURVIVORS OR SURVIVOR
452740129,08150100001289,SBA,0815,A,0815,SB101,Pavak Dharmendu Eswarapu,9/12/2006,0,51685.45,174290,0.25,0,Pavak Dharmendu Eswarapu,,,,SELF
453741130,08150100001290,SBA,0815,A,1029,SB112,Sajni Shuchita Gala,1/20/1999,0,58693.06,626.68,1447.53,0,Sajni Shuchita Gala,,,,SELF
453741130,42050100001291,SBA,4205,A,1029,SB115,Sajni Shuchita Gala,3/29/2012,0,1419.05,147451.19,0,0,Sajni Shuchita Gala,,,,SELF
453741130,42050100001292,SBA,4205,A,1029,SB115,Sajni Shuchita Gala,8/26/2014,0,5,1028.73,1708.84,0,Sajni Shuchita Gala,,,,SELF
453741130,52650100001293,SBA,5265,A,1029,SB112,Sajni Shuchita Gala,5/2/2015,0,6824.33,35680.99,0,0,Sajni Shuchita Gala,SHASHI SETIA WO CHANDER KISHORE,,,SELF
454742131,06080100001294,SBA,0608,A,0608,SB112,Rupesh Shanmukha Garikapaty,2/1/1980,0,129.15,0,103.56,0,Rupesh Shanmukha Garikapaty,,,,SELF
454742131,06080100001295,SBA,0608,D,0608,SB123,Rupesh Shanmukha Garikapaty,5/3/2007,0,0,2903.29,2103.08,0,Rupesh Shanmukha Garikapaty,,,,SELF
455743132,06080100001296,SBA,0608,A,0608,SB112,Anamika Parama Ghouse,9/1/1982,0,19556.97,7958.5,3907.81,0,Anamika Parama Ghouse,,,,SELF
456744133,06080100001297,SBA,0608,A,0608,SB112,Haresh KaMsh Gidh,8/22/1997,0,2422.09,6011.81,19835.01,0,Haresh KaMsh Gidh,,,,SELF
456744133,06080100001298,SBA,0608,A,0608,SB123,Haresh KaMsh Gidh,2/13/2008,0,0,85121.99,0,0,Haresh KaMsh Gidh,,,,
456744133,06080100001299,SBA,0608,A,0608,SB123,Haresh KaMsh Gidh,1/5/2011,0,0,1152,2027,0,Haresh KaMsh Gidh,,,,
456744133,06080100001300,SBA,0608,D,0608,SB123,Haresh KaMsh Gidh,1/5/2011,0,0,2287,1101.16,0,Haresh KaMsh Gidh,,,,
456744133,46290100001301,SBA,4629,A,0608,SB112,Haresh KaMsh Gidh,11/9/2013,0,154.71,4757.65,0,0,Haresh KaMsh Gidh,,,,SELF
457745134,05390100001302,SBA,0539,A,0539,SB101,Preyasi Gautami Gopalakrishnan,12/18/1997,0,58027.74,0,4051.55,0,Preyasi Gautami Gopalakrishnan,,,,SELF
458746135,04600100001303,SBA,3777,A,0460,SB112,Kana Gandhali Gopalan,2/21/1994,0,53276.31,131306.28,0,0,Kana Gandhali Gopalan,,,,SELF
458746135,37770100001304,SBA,3777,A,0460,SB101,Kana Gandhali Gopalan,9/19/2011,0,1746.01,215670.6,1092.45,0,Kana Gandhali Gopalan,,,,SELF
459747136,04800100001305,SBA,0480,A,0480,SB112,Vandan Shahid Gundugollu,3/9/1993,0,60009.85,0,46008.98,0,Vandan Shahid Gundugollu,,,,SELF
459747136,20880100001306,SBA,2088,A,0480,SB112,Vandan Shahid Gundugollu,7/22/2008,0,153422.13,1057,2708,0,Vandan Shahid Gundugollu,,,,SELF
460748137,04800100001307,SBA,1958,A,0480,SB112,Sarthak Jnyaneshwar Gundugollu,3/9/1993,0,130.22,1674,4951.65,0,Sarthak Jnyaneshwar Gundugollu,,,,SELF
460748137,04800100001308,SBA,0480,A,0480,SB112,Sarthak Jnyaneshwar Gundugollu,8/2/2002,0,16.4,1114,80770.28,0,Sarthak Jnyaneshwar Gundugollu,KALPANA PUNDLIK SURWADE,,,EITHER OR SURVIVOR
460748137,04800100011309,SBA,0480,A,0480,SB115,Sarthak Jnyaneshwar Gundugollu,9/12/2014,0,0,1195.59,51685.45,0,Sarthak Jnyaneshwar Gundugollu,PRALHAD SOPAN SARODE,,,ALL JOINTLY OR SURVIVORS OR SURVIVOR
461749138,01160100001310,SBA,0116,A,0116,SB112,Apurva Saket Harku,12/12/1912,0,50174.62,348275.16,58693.06,0,Apurva Saket Harku,,,,SELF
461749138,13750100001311,SBA,1375,D,0116,SB123,Apurva Saket Harku,8/27/2010,0,0,0,1419.05,0,Apurva Saket Harku,,,,
462750139,09670100001312,SBA,0967,A,0967,SB112,Sarvesh Abjayoni Hinduja,2/28/1994,0,44677.65,0,5,0,Sarvesh Abjayoni Hinduja,,,,SELF
462750139,27730100011313,SBA,2773,A,0967,SB112,Sarvesh Abjayoni Hinduja,6/22/2015,0,107973.71,0,6824.33,0,Sarvesh Abjayoni Hinduja,SEEMA SINHA WO A K SINHA AND A K SINHA,,,EITHER OR SURVIVOR
462750139,39590100001314,SBA,3959,A,0967,SB101,Sarvesh Abjayoni Hinduja,6/20/2015,0,0,696.27,129.15,0,Sarvesh Abjayoni Hinduja,,,,SELF
463751140,09670100001315,SBA,2773,A,0967,SB101,Amolik Payas Jana,6/16/2006,0,1121727.14,121,0,0,Amolik Payas Jana,,,,SELF
464752141,03730100011316,SBA,0373,A,0373,SB112,Anmol Pallab Kadamuddi,8/30/1993,0,51520.95,12463.98,19556.97,0,Anmol Pallab Kadamuddi,,,,SELF
464752141,03730100011317,SBA,0373,A,0373,SB112,Anmol Pallab Kadamuddi,6/15/2006,0,19496.34,-31216.86,2422.09,0,Anmol Pallab Kadamuddi,,,,SELF
464752141,03730200001318,CAA,0373,A,0373,CA101,Anmol Pallab Kadamuddi,3/7/1994,0,0,84843.68,0,0,Anmol Pallab Kadamuddi,AKADASIBEN LAXMIDAS CHANDE,CHANDE,,EITHER OR SURVIVOR
464752141,25450100001319,SBA,2545,A,0373,SB123,Anmol Pallab Kadamuddi,11/1/2011,0,0,0,0,0,Anmol Pallab Kadamuddi,,,,SELF
465753142,25450100001320,SBA,2545,A,0373,SB101,Mohit Ramchandra Kaith,5/1/2000,0,174290,0,0,0,Mohit Ramchandra Kaith,DAXA PRAVIN LIMBANI,,,EITHER OR SURVIVOR
466754143,07800100001321,SBA,0780,A,0780,SB112,Sharad Pinak Kalpak,12/16/1997,0,626.68,0,154.71,0,Sharad Pinak Kalpak,SWATI DUTTA,,,EITHER OR SURVIVOR
466754143,07800100001322,SBA,0780,A,0780,SB112,Sharad Pinak Kalpak,5/2/2000,0,147451.19,5794.46,58027.74,0,Sharad Pinak Kalpak,SUBHRA DUTTA,,,EITHER OR SURVIVOR
467755144,00430100001323,SBA,0043,A,0043,SB112,Ghoda Ulhas Kampan,1/31/2001,0,1028.73,1940.75,53276.31,0,Ghoda Ulhas Kampan,,,,SELF
467755144,00430100001324,SBA,0043,A,0043,SB112,Ghoda Ulhas Kampan,3/1/1999,0,35680.99,13.08,1746.01,0,Ghoda Ulhas Kampan,SOMA MONDAL,,,EITHER OR SURVIVOR
467755144,45520100001325,SBA,4552,A,0043,SB101,Ghoda Ulhas Kampan,7/19/2013,0,0,0,60009.85,0,Ghoda Ulhas Kampan,AMIT PALIT,,,EITHER OR SURVIVOR
467755144,45520100001326,SBA,4552,A,0043,SB112,Ghoda Ulhas Kampan,7/11/2014,0,2903.29,0,153422.13,0,Ghoda Ulhas Kampan,SOMA MONDAL,,,EITHER OR SURVIVOR
468756145,24230100001327,SBA,2423,A,2423,SB101,Saket Vithala Keshaw,3/10/1992,0,7958.5,30879.74,130.22,0,Saket Vithala Keshaw,,,,SELF
469757146,14180100011328,SBA,1418,A,2423,SB134,Devyani Shravani Khilnani,2/24/2011,0,6011.81,3644.06,16.4,0,Devyani Shravani Khilnani,,,,SELF
469757146,24230100001329,SBA,2423,A,2423,SB112,Devyani Shravani Khilnani,7/24/2004,0,85121.99,17,0,0,Devyani Shravani Khilnani,B LALITHA,,,EITHER OR SURVIVOR
469757146,29930100001330,SBA,2993,A,2423,SB112,Devyani Shravani Khilnani,7/19/2014,0,1152,0,50174.62,0,Devyani Shravani Khilnani,,,,SELF
469757146,29930100001331,SBA,2993,A,2423,SB112,Devyani Shravani Khilnani,9/16/2014,0,2287,0,0,0,Devyani Shravani Khilnani,,,,SELF
470758147,06710100001332,SBA,0671,A,0671,SB112,Swagat Shailendra Kishen,6/30/2000,0,4757.65,0,44677.65,0,Swagat Shailendra Kishen,PADMAVATHY AMMA K.C.,,,EITHER OR SURVIVOR
470758147,06710200001333,CAA,0671,A,0671,CA101,Swagat Shailendra Kishen,5/31/2000,0,0,0,107973.71,0,Swagat Shailendra Kishen,,,,SELF
471759148,09570100001334,SBA,0957,A,0957,SB101,Vasu Samir Kitu,1/1/1998,0,131306.28,0,0,0,Vasu Samir Kitu,PATEL CHANDRIKA MAHENDRAKUMAR,,,EITHER OR SURVIVOR
472760149,07520100001335,SBA,0752,A,0752,SB112,Amoha Animish Kodali,8/10/2000,0,215670.6,0,1121727.14,0,Amoha Animish Kodali,,,,SELF
472760149,07520100011336,SBA,0752,A,0752,SB124,Amoha Animish Kodali,12/21/2015,0,0,0,51520.95,0,Amoha Animish Kodali,,,,SELF
473761150,07520100001337,SBA,0752,A,0752,SB112,Sumeet Jayashekhar Koritala,4/18/2006,0,1057,0,19496.34,0,Sumeet Jayashekhar Koritala,,,,SELF
473761150,07520100001338,SBA,0752,A,0752,SB101,Sumeet Jayashekhar Koritala,8/14/2007,0,1674,0,0,0,Sumeet Jayashekhar Koritala,,,,SELF
473761150,07520100011339,SBA,0752,A,0752,SB112,Sumeet Jayashekhar Koritala,2/15/2010,0,1114,0,0,0,Sumeet Jayashekhar Koritala,,,,SELF
473761150,21400100001340,SBA,2140,A,0752,SB112,Sumeet Jayashekhar Koritala,11/10/2000,0,1195.59,4213.25,174290,0,Sumeet Jayashekhar Koritala,,,,SELF
474762151,18750100001341,SBA,1875,A,0112,SB112,Katyayani Kalpana Kutumbaka,5/25/1996,0,348275.16,13738.22,626.68,0,Katyayani Kalpana Kutumbaka,,,,SELF
474762151,32100100001342,SBA,3210,A,0112,SB124,Katyayani Kalpana Kutumbaka,2/28/2014,0,0,0,147451.19,0,Katyayani Kalpana Kutumbaka,,,,SELF
474762151,32100100001343,SBA,3210,A,0112,SB112,Katyayani Kalpana Kutumbaka,5/28/2014,0,0,1216.29,1028.73,0,Katyayani Kalpana Kutumbaka,,,,SELF
475763152,06710100011344,SBA,0671,A,0671,SB134,Samarendu Muhamad Laddha,9/19/2014,0,0,14,35680.99,0,Samarendu Muhamad Laddha,,,,SELF
475763152,13460100011345,SBA,3182,A,0671,SB113,Samarendu Muhamad Laddha,7/28/2000,0,696.27,5565.77,0,0,Samarendu Muhamad Laddha,,,,SELF
475763152,31820100001346,SBA,3182,A,0671,SB112,Samarendu Muhamad Laddha,5/27/2013,0,121,2691.2,2903.29,0,Samarendu Muhamad Laddha,,,,SELF
476764153,11070100001347,SBA,1107,A,1107,SB101,Shyamala Sananda Lolaksi,3/8/1999,0,12463.98,1190.02,7958.5,0,Shyamala Sananda Lolaksi,,,,EITHER OR SURVIVOR
476764153,11070100001348,SBA,1107,A,1107,SB101,Shyamala Sananda Lolaksi,7/26/2003,0,-31216.86,34763,6011.81,0,Shyamala Sananda Lolaksi,ANITA KOHLI W/O RAJKUMAR KOHLI,,,EITHER OR SURVIVOR
477765154,04610100001349,SBA,1888,A,0461,SB112,Ishan Adikavi Loy,6/13/1986,0,84843.68,4787.68,85121.99,0,Ishan Adikavi Loy,,,,SELF
477765154,04610100001350,SBA,0461,A,0461,SB123,Ishan Adikavi Loy,7/2/2007,0,0,0,1152,0,Ishan Adikavi Loy,,,,SELF
477765154,04610100001351,SBA,0461,A,0461,SB123,Ishan Adikavi Loy,7/1/2008,0,0,0,2287,0,Ishan Adikavi Loy,,,,SELF
477765154,04610100001352,SBA,0461,A,0461,SB123,Ishan Adikavi Loy,7/1/2009,0,0,0,4757.65,0,Ishan Adikavi Loy,,,,SELF
478766155,07600100001353,SBA,0760,A,1142,SB112,Geeti Bhagyalakshmi Madduri,5/19/1987,0,5794.46,0,0,0,Geeti Bhagyalakshmi Madduri,CHELLAMMA G,,,EITHER OR SURVIVOR
478766155,08350100001354,SBA,0835,A,1142,SB112,Geeti Bhagyalakshmi Madduri,8/4/2006,0,1940.75,0,131306.28,0,Geeti Bhagyalakshmi Madduri,,,,SELF
478766155,11420100001355,SBA,1142,A,1142,SB112,Geeti Bhagyalakshmi Madduri,12/30/2006,0,13.08,0,215670.6,0,Geeti Bhagyalakshmi Madduri,BINDU.R.MRS,,,EITHER OR SURVIVOR
478766155,29040100001356,SBA,0760,D,1142,SB134,Geeti Bhagyalakshmi Madduri,9/14/2011,0,0,13131.22,0,149.82,Geeti Bhagyalakshmi Madduri,,,,
479767156,02420100001357,SBA,0242,A,0242,SB112,Asgari Shrigauri Maiti,9/8/2006,0,0,0,1057,0,Asgari Shrigauri Maiti,,,,SELF
480768157,03040100001358,SBA,0349,A,0304,SB113,Vishnu Anarghya Manasa,1/4/1999,0,30879.74,8699.21,1674,1,Vishnu Anarghya Manasa,JAYASHRI  J.CHAVDA,,,EITHER OR SURVIVOR
480768157,03040100001359,SBA,0349,A,0304,SB112,Vishnu Anarghya Manasa,5/1/2001,0,3644.06,12267.34,1114,0,Vishnu Anarghya Manasa,,,,SELF
480768157,03040100001360,SBA,0304,D,0304,SB113,Vishnu Anarghya Manasa,9/7/2006,0,17,0,1195.59,0,Vishnu Anarghya Manasa,MANHAR AMBALAL PARMAR,,,ALL JOINTLY OR SURVIVORS OR SURVIVOR
480768157,03040100001361,SBA,0304,A,0304,SB123,Vishnu Anarghya Manasa,1/1/2008,0,0,10518.51,348275.16,0,Vishnu Anarghya Manasa,,,,
480768157,03040100001362,SBA,0304,A,0304,SB123,Vishnu Anarghya Manasa,1/1/2009,0,0,0,0,0,Vishnu Anarghya Manasa,,,,
480768157,03040100001363,SBA,0304,A,0304,SB123,Vishnu Anarghya Manasa,6/15/2009,0,0,2217,0,0,Vishnu Anarghya Manasa,,,,
480768157,03040100001364,SBA,0304,D,0304,SB123,Vishnu Anarghya Manasa,1/1/2010,0,0,89211.43,0,0,Vishnu Anarghya Manasa,,,,
480768157,03040100001365,SBA,0304,D,0304,SB123,Vishnu Anarghya Manasa,1/1/2011,0,0,1271,696.27,0,Vishnu Anarghya Manasa,,,,
480768157,03040100001366,SBA,0304,A,0304,SB123,Vishnu Anarghya Manasa,2/17/2011,0,0,375.07,121,0,Vishnu Anarghya Manasa,,,,
480768157,03040100001367,SBA,0304,A,0304,SB123,Vishnu Anarghya Manasa,6/1/2011,0,0,57.51,12463.98,0,Vishnu Anarghya Manasa,,,,
480768157,03040100011368,SBA,0304,A,0304,SB123,Vishnu Anarghya Manasa,6/21/2012,0,0,186,-31216.86,0,Vishnu Anarghya Manasa,,,,
480768157,03040100011369,SBA,0304,A,0304,SB123,Vishnu Anarghya Manasa,8/16/2013,0,0,0,84843.68,0,Vishnu Anarghya Manasa,,,,
481769158,09240100001370,SBA,0924,A,0924,SB135,Vasanta Nipa Maninder,12/31/2007,0,0,20471.85,0,41290.46,Vasanta Nipa Maninder,,,,
481769158,09240200001371,CAA,0924,A,0924,CA101,Vasanta Nipa Maninder,3/15/2004,0,4213.25,0,0,1716.25,Vasanta Nipa Maninder,,,,SELF
482770159,14470100001372,SBA,2911,A,1447,SB112,Daman Amber Manjunath,8/7/2006,0,13738.22,384121.9,0,0,Daman Amber Manjunath,,,,SELF
482770159,14630100011373,SBA,1463,A,1447,SB101,Daman Amber Manjunath,10/18/2016,0,0,367,5794.46,48,Daman Amber Manjunath,,,,SELF
483771160,06070100001374,SBA,0607,A,0607,SB113,Ganesh Aalap Manohari,3/4/1999,0,1216.29,0,1940.75,0,Ganesh Aalap Manohari,N SARITA DEVI,,,EITHER OR SURVIVOR
484772161,00060100011375,SBA,0006,D,0368,SB113,Saquib Arjun Matta,11/22/2000,0,14,0,13.08,0,Saquib Arjun Matta,,,,SELF
484772161,03680100021376,SBA,0006,A,0368,SB112,Saquib Arjun Matta,8/16/2013,0,5565.77,7957.59,0,0,Saquib Arjun Matta,,,,SELF
484772161,40220100001377,SBA,4022,A,0368,SB112,Saquib Arjun Matta,12/31/2011,0,2691.2,6396.55,0,0,Saquib Arjun Matta,USHA DEVI WO SURESH KUMAR GUPTA,,,EITHER OR SURVIVOR
485773162,08720100001378,SBA,0872,A,0872,SB113,Sadguna Chaitaly Mohanty,1/12/2001,0,1190.02,25309.14,30879.74,0,Sadguna Chaitaly Mohanty,,,,SELF
485773162,08720100021379,SBA,0872,A,0872,SB101,Sadguna Chaitaly Mohanty,10/18/2016,0,34763,6217,3644.06,312.25,Sadguna Chaitaly Mohanty,,,,SELF
486774163,08720100001380,SBA,0872,A,0872,SB101,Kanwal Karan Mooljee,7/10/2006,0,4787.68,2238.97,17,0,Kanwal Karan Mooljee,,,,SELF
487775164,16480100001381,SBA,1728,A,1728,SB113,Salarjung Shubhranshu Mulla,3/12/2007,0,0,6424,0,0,Salarjung Shubhranshu Mulla,,,,SELF
487775164,16480100001382,SBA,1648,A,1728,SB123,Salarjung Shubhranshu Mulla,2/4/2010,0,0,6422,0,0,Salarjung Shubhranshu Mulla,,,,SELF
487775164,16480100001383,SBA,1648,A,1728,SB112,Salarjung Shubhranshu Mulla,4/22/2010,0,0,686,0,0,Salarjung Shubhranshu Mulla,,,,SELF
487775164,16480100001384,SBA,1648,A,1728,SB123,Salarjung Shubhranshu Mulla,12/2/2010,0,0,529.23,0,0,Salarjung Shubhranshu Mulla,,,,
487775164,16480100001385,SBA,1648,A,1728,SB123,Salarjung Shubhranshu Mulla,5/5/2011,0,0,92.25,0,0,Salarjung Shubhranshu Mulla,,,,SELF
487775164,16480100001386,SBA,1648,A,1728,SB123,Salarjung Shubhranshu Mulla,3/22/2012,0,0,50954.93,0,0,Salarjung Shubhranshu Mulla,,,,SELF
487775164,17280100011387,SBA,1728,A,1728,SB115,Salarjung Shubhranshu Mulla,6/27/2014,0,13131.22,13436.2,0,0,Salarjung Shubhranshu Mulla,ASHA GROVER WO SUNIL GROVER,,,EITHER OR SURVIVOR
487775164,17320100001388,SBA,1732,A,1728,SB113,Salarjung Shubhranshu Mulla,12/10/2003,0,0,222944.12,0,0,Salarjung Shubhranshu Mulla,,,,SELF
488776165,04800100001389,SBA,1958,A,1667,SB112,Sneha Sudakshima Murugan,12/11/1998,0,8699.21,2989.43,0,0,Sneha Sudakshima Murugan,LATA ISHWARSING PAWAR,,,EITHER OR SURVIVOR
488776165,13320100001390,SBA,1958,A,1667,SB135,Sneha Sudakshima Murugan,1/10/2013,0,12267.34,61391.46,0,0,Sneha Sudakshima Murugan,,,,SELF
488776165,27810100001391,SBA,2781,A,1667,SB112,Sneha Sudakshima Murugan,3/25/2010,0,0,0,4213.25,0,Sneha Sudakshima Murugan,,,,SELF
489777166,11850100001392,SBA,1185,A,1185,SB112,Shrabana Neeti Muthukumar,5/24/1988,0,10518.51,1012.43,13738.22,0,Shrabana Neeti Muthukumar,,,,SELF
489777166,11850100001393,SBA,1185,A,1185,SB112,Shrabana Neeti Muthukumar,9/18/2013,0,0,0,0,0,Shrabana Neeti Muthukumar,,,,SELF
490778167,01070100011394,SBA,0107,A,4437,SB112,Shaheen Nalin Narmada,9/26/2006,0,2217,1014,1216.29,0,Shaheen Nalin Narmada,INDRA DEVI   MALHOTRA,,,EITHER OR SURVIVOR
490778167,44370100001395,SBA,4437,A,4437,SB112,Shaheen Nalin Narmada,9/28/2012,0,89211.43,0,14,0,Shaheen Nalin Narmada,INDRA DEVI   MALHOTRA,,,EITHER OR SURVIVOR
490778167,44370100001396,SBA,4437,A,4437,SB112,Shaheen Nalin Narmada,8/25/2014,0,1271,3276.2,5565.77,0,Shaheen Nalin Narmada,,,,SELF
491779168,01060100001397,SBA,0106,A,1436,SB112,Devdutta Sameer Natterraja,6/9/1993,0,375.07,413.38,2691.2,0,Devdutta Sameer Natterraja,SUKHDA NAGPAL ADDED 260404,,,EITHER OR SURVIVOR
491779168,01060100001398,SBA,0106,A,1436,SB112,Devdutta Sameer Natterraja,3/7/2005,0,57.51,0,1190.02,0,Devdutta Sameer Natterraja,,,,SELF
491779168,01060100001399,SBA,0106,A,1436,SB112,Devdutta Sameer Natterraja,7/18/2005,0,186,0,34763,0,Devdutta Sameer Natterraja,ABHISHEK NAGPAL S/O YOGENDRA NAGPAL,,,EITHER OR SURVIVOR
491779168,14360100011400,SBA,1436,A,1436,SB112,Devdutta Sameer Natterraja,2/14/2007,0,0,0,4787.68,0,Devdutta Sameer Natterraja,,,,SELF
491779168,51790100001401,SBA,5179,A,1436,SB112,Devdutta Sameer Natterraja,3/26/2014,0,20471.85,655,0,0,Devdutta Sameer Natterraja,,,,SELF
492780169,07000100011402,SBA,0700,A,0700,SB101,Tripti Lekha Naueshwara,2/15/2007,0,0,0,0,15188.89,Tripti Lekha Naueshwara,,,,SELF
493781170,24370100011403,SBA,3983,A,3983,SB112,Indrasena Trupti Nayna,5/25/2007,0,384121.9,0,0,0,Indrasena Trupti Nayna,ANUPAMA BHATT W O SHRI ANADI BHATT,,,EITHER OR SURVIVOR
493781170,24370100011404,SBA,5878,A,3983,SB112,Indrasena Trupti Nayna,10/12/2007,0,367,1037,0,0,Indrasena Trupti Nayna,,,,SELF
493781170,36870100001405,SBA,3687,A,3983,SB101,Indrasena Trupti Nayna,7/13/2011,0,0,15062,0,0,Indrasena Trupti Nayna,,,,EITHER OR SURVIVOR
494782171,27170100011406,SBA,2717,A,4888,SB101,Shabari Sarojini Neela,9/22/2014,0,0,2769.36,0,0,Shabari Sarojini Neela,,,,SELF
495783172,18490100001407,SBA,3075,A,1849,SB112,Madhavi Vishaya Neeraj,8/16/2007,0,7957.59,433.22,13131.22,0,Madhavi Vishaya Neeraj,,,,SELF
496784173,24520100011408,SBA,2452,A,2452,SB112,Shakyasinha Nityagopal Niten,1/5/2008,0,6396.55,16026.51,0,0,Shakyasinha Nityagopal Niten,,,,SELF
496784173,24520100011409,SBA,2452,A,2452,SB112,Shakyasinha Nityagopal Niten,11/6/2008,0,25309.14,27527.18,8699.21,0,Shakyasinha Nityagopal Niten,AJU GEORGE,,,EITHER OR SURVIVOR
496784173,26650100001410,SBA,2665,A,2452,SB112,Shakyasinha Nityagopal Niten,2/10/2006,0,6217,0,12267.34,0,Shakyasinha Nityagopal Niten,AJU GEORGE,,,EITHER OR SURVIVOR
496784173,32860100001411,SBA,3286,A,2452,SB112,Shakyasinha Nityagopal Niten,11/14/2012,0,2238.97,0,0,0,Shakyasinha Nityagopal Niten,,,,SELF
496784173,32860100001412,SBA,3286,A,2452,SB112,Shakyasinha Nityagopal Niten,2/14/2013,0,6424,0,10518.51,0,Shakyasinha Nityagopal Niten,JOVITA ANN THOMAS,,,
496784173,32860100001413,SBA,3286,A,2452,SB112,Shakyasinha Nityagopal Niten,2/16/2013,0,6422,0,0,0,Shakyasinha Nityagopal Niten,JOSH GEORGETHOMAS BY M AND NG JISHA JOSE AND JISHA JOSE,,,EITHER OR SURVIVOR
497785174,01570100011414,SBA,0157,A,0157,SB201,Arivarasu Keyur Omarjeet,10/21/2016,0,686,5026.24,2217,0,Arivarasu Keyur Omarjeet,,,,SELF
497785174,05190100001415,SBA,0519,A,0157,SB112,Arivarasu Keyur Omarjeet,3/3/2008,0,529.23,93,89211.43,0,Arivarasu Keyur Omarjeet,,,,SELF
497785174,05310100011416,SBA,0531,D,0157,SB113,Arivarasu Keyur Omarjeet,11/29/2007,0,92.25,0,1271,0,Arivarasu Keyur Omarjeet,,,,SELF
498786175,09970100001417,SBA,0997,A,3145,SB112,Jasraj Ramkumar Padmesh,9/19/2011,0,50954.93,1131.25,375.07,0,Jasraj Ramkumar Padmesh,ETTAPU ARUNA,P LAKSHMI DEVI,,EITHER OR SURVIVOR
498786175,31450100001418,SBA,3145,A,3145,SB112,Jasraj Ramkumar Padmesh,3/27/2008,0,13436.2,26453.14,57.51,0,Jasraj Ramkumar Padmesh,,,,SELF
499787176,29860100001419,SBA,2986,A,2986,SB101,Shakambari Salma Palam,6/23/2008,0,222944.12,58.66,186,0,Shakambari Salma Palam,P R ABHILASH,,,EITHER OR SURVIVOR
499787176,29860100001420,SBA,2986,A,2986,SB134,Shakambari Salma Palam,1/15/2011,0,2989.43,29716.54,0,0,Shakambari Salma Palam,CHANDRASEKHARA PILLAI,,,EITHER OR SURVIVOR
500788177,18740100011421,SBA,1874,A,1874,SB112,Tanu Sushma Palathingal,8/11/2009,0,61391.46,203127.49,20471.85,0,Tanu Sushma Palathingal,,,,SELF
500788177,18740100011422,SBA,1874,A,1874,SB123,Tanu Sushma Palathingal,11/10/2010,0,0,604435.77,0,0,Tanu Sushma Palathingal,,,,SELF
501789178,33010100001423,SBA,3301,A,3301,SB112,Dayanand Surya Pankajakshan,8/12/2009,0,1012.43,0,384121.9,0,Dayanand Surya Pankajakshan,,,,SELF
501789178,33010100001424,SBA,3301,A,3301,SB130,Dayanand Surya Pankajakshan,3/22/2014,0,0,936,367,0,Dayanand Surya Pankajakshan,,,,SELF
501789178,33010100001425,SBA,3301,A,3301,SB113,Dayanand Surya Pankajakshan,8/26/2014,0,1014,97.66,0,0,Dayanand Surya Pankajakshan,,,,SELF
501789178,33010100001426,SBA,3301,A,3301,SB101,Dayanand Surya Pankajakshan,9/24/2015,0,0,9129.66,0,0,Dayanand Surya Pankajakshan,,,,SELF
501789178,57050100001427,SBA,5859,A,3301,SB112,Dayanand Surya Pankajakshan,2/29/2016,0,3276.2,22120.05,7957.59,0,Dayanand Surya Pankajakshan,,,,SELF
502790179,01060100011428,SBA,0106,A,0106,SB112,Anuva Devi Panyala,8/21/2009,0,413.38,24774.02,6396.55,0,Anuva Devi Panyala,,,,SELF
502790179,01060100011429,SBA,0106,A,0106,SB123,Anuva Devi Panyala,6/30/2010,0,0,5875.98,25309.14,0,Anuva Devi Panyala,,,,SELF
502790179,01060100011430,SBA,0106,A,0106,SB123,Anuva Devi Panyala,7/5/2011,0,0,37834.83,6217,0,Anuva Devi Panyala,MAHABIR BHORIA,,,EITHER OR SURVIVOR
502790179,O9837010001431,SBA,9837,A,0106,SB154,Anuva Devi Panyala,12/2/2015,0,0,0,2238.97,0,Anuva Devi Panyala,,,,SELF
503791180,00730100011432,SBA,0073,A,3448,SB112,Satvamohan Harshavardhan Pewar,1/29/2010,0,655,4.31,6424,0,Satvamohan Harshavardhan Pewar,SHANTI DEVI,,,EITHER OR SURVIVOR
503791180,16860100011433,SBA,1686,A,3448,SB101,Satvamohan Harshavardhan Pewar,6/23/2016,0,0,0.19,6422,0,Satvamohan Harshavardhan Pewar,,,,SELF
503791180,16860100011434,SBA,1686,A,3448,SB115,Satvamohan Harshavardhan Pewar,7/19/2016,0,0,1482.52,686,0,Satvamohan Harshavardhan Pewar,,,,SELF
503791180,26380100001435,SBA,2638,A,3448,SB112,Satvamohan Harshavardhan Pewar,8/26/2009,0,1037,0,529.23,0,Satvamohan Harshavardhan Pewar,,,,SELF
503791180,34480100001436,SBA,3448,A,3448,SB112,Satvamohan Harshavardhan Pewar,3/12/2011,0,15062,1,92.25,0,Satvamohan Harshavardhan Pewar,,,,SELF
504792181,30460100001437,SBA,3046,A,3046,SB101,Bhanu Jasbeer Prajna,9/2/2009,0,2769.36,0.96,50954.93,0,Bhanu Jasbeer Prajna,,,,SELF
504792181,30460200001438,CAA,3046,A,3046,CA101,Bhanu Jasbeer Prajna,6/8/2013,0,433.22,0,13436.2,0,Bhanu Jasbeer Prajna,,,,PROPRIETOR
505793182,04260100011439,SBA,0426,A,0733,SB112,Gopa Latakara Pramsu,8/29/2011,0,16026.51,6356,222944.12,0,Gopa Latakara Pramsu,,,,SELF
505793182,09440100011440,SBA,0944,A,0733,SB112,Gopa Latakara Pramsu,9/10/2009,0,27527.18,0,2989.43,0,Gopa Latakara Pramsu,,,,SELF
506794183,12160100011441,SBA,4205,A,1216,SB112,Sayed Shivesh Prasad,1/15/2010,0,0,104.13,61391.46,0,Sayed Shivesh Prasad,,,,SELF
506794183,12160100011442,SBA,1216,A,1216,SB123,Sayed Shivesh Prasad,6/2/2010,0,0,0,0,0,Sayed Shivesh Prasad,,,,SELF
506794183,12160100011443,SBA,1216,A,1216,SB123,Sayed Shivesh Prasad,2/7/2011,0,0,0,1012.43,0,Sayed Shivesh Prasad,,,,
506794183,12160100011444,SBA,1216,A,1216,SB123,Sayed Shivesh Prasad,2/1/2012,0,0,0,0,0,Sayed Shivesh Prasad,,,,SELF
506794183,42050100001445,SBA,4205,A,1216,SB112,Sayed Shivesh Prasad,12/5/2012,0,5026.24,37992.04,1014,0,Sayed Shivesh Prasad,,,,SELF
506794183,42050100001446,SBA,4205,A,1216,SB112,Sayed Shivesh Prasad,3/7/2013,0,93,18298,0,0,Sayed Shivesh Prasad,,,,SELF
506794183,42050100001447,SBA,4205,A,1216,SB112,Sayed Shivesh Prasad,4/4/2014,0,0,91304.3,3276.2,0,Sayed Shivesh Prasad,ASHU ARORA WO MANISH KUMAR,GOPAL KRISHAN SO RAM SHARAN,,ANY ONE OR SURVIVORS OR SURVIVOR
507795184,33360100001448,SBA,3336,A,3336,SB101,Savita Gurjari Prasanta,3/30/2010,0,1131.25,13395.31,413.38,1000,Savita Gurjari Prasanta,,,,EITHER OR SURVIVOR
508796185,01160100011449,SBA,0116,A,0116,SB112,Rituparan Lalit Prithviraj,4/17/2010,0,26453.14,15342.32,0,0,Rituparan Lalit Prithviraj,,,,SELF
508796185,23650100001450,SBA,2365,A,0116,SB112,Rituparan Lalit Prithviraj,8/18/2011,0,58.66,4372.28,0,0,Rituparan Lalit Prithviraj,,,,SELF
509797186,32840100001451,SBA,3284,A,3284,SB101,Jamuna Makshi Pusan,5/10/2010,0,29716.54,236.11,0,14720,Jamuna Makshi Pusan,PRAFULKUMAR MANILAL SHAH,,,EITHER OR SURVIVOR
510798187,31380100001452,SBA,3138,A,3138,SB101,Ipsita Ila Qamar,8/20/2010,0,203127.49,2,655,0,Ipsita Ila Qamar,,,,SELF
511799188,30290100001453,SBA,3029,A,3029,SB152,Subhadra Utkarsh Radia,8/28/2010,0,604435.77,58.1,0,0,Subhadra Utkarsh Radia,,,,SELF
511799188,30290100001454,SBA,3029,A,3029,SB152,Subhadra Utkarsh Radia,3/4/2016,0,0,263.37,0,0,Subhadra Utkarsh Radia,,,,SELF
511799188,30290100001455,SBA,3029,A,3029,SB152,Subhadra Utkarsh Radia,4/25/2017,0,936,834,1037,0,Subhadra Utkarsh Radia,,,,SELF
512800189,01780100011456,SBA,0178,A,0178,SB112,Abhimoda Kundan Raghuram,10/1/2010,0,97.66,22977.43,15062,0,Abhimoda Kundan Raghuram,RASHMIKABEN JAYESHKUMAR CHAUDHARI,,,EITHER OR SURVIVOR
512800189,43880100001457,SBA,5430,A,0178,SB112,Abhimoda Kundan Raghuram,1/3/2013,0,9129.66,30432.74,2769.36,0,Abhimoda Kundan Raghuram,,,,SELF
513801190,33410100001458,SBA,3341,A,3341,SB101,Varuni Niharika Ragunathan,10/21/2010,0,22120.05,45329.14,433.22,0,Varuni Niharika Ragunathan,,,,SELF
514802191,12700100001459,SBA,1270,A,1270,SB112,Mohajit Siraj Rajagopalan,12/16/2010,0,24774.02,0,16026.51,0,Mohajit Siraj Rajagopalan,VEMU JANAKI,,,EITHER OR SURVIVOR
515803192,11260100001460,SBA,1126,A,2615,SB112,Mitali Saryu Rajat,10/28/2013,0,5875.98,22285.14,27527.18,295,Mitali Saryu Rajat,,,,SELF
515803192,26150100001461,SBA,2615,A,2615,SB112,Mitali Saryu Rajat,12/22/2010,0,37834.83,0,0,0,Mitali Saryu Rajat,,,,SELF
515803192,26150100001462,SBA,2615,A,2615,SB101,Mitali Saryu Rajat,2/6/2013,0,0,39751.94,0,0,Mitali Saryu Rajat,,,,SELF
516804193,01650100001463,SBA,0165,A,0165,SB112,Prasoon Omkar Ramamuthe,1/22/2011,0,4.31,7071.96,0,0,Prasoon Omkar Ramamuthe,LALITA DEVI,,,SELF
516804193,01650100001464,SBA,1465,A,0165,SB112,Prasoon Omkar Ramamuthe,7/6/2011,0,0.19,0,0,0,Prasoon Omkar Ramamuthe,,,,SELF
516804193,01650100011465,SBA,3527,A,0165,SB112,Prasoon Omkar Ramamuthe,3/28/2012,0,1482.52,575.07,5026.24,0,Prasoon Omkar Ramamuthe,,,,SELF
516804193,14650100001466,SBA,1465,A,0165,SB112,Prasoon Omkar Ramamuthe,12/19/2014,0,0,142.84,93,0,Prasoon Omkar Ramamuthe,,,,SELF
516804193,35270100011467,SBA,3527,A,0165,SB112,Prasoon Omkar Ramamuthe,6/15/2016,0,1,333.3,0,0,Prasoon Omkar Ramamuthe,,,,SELF
517805194,08880100001468,SBA,0888,A,0888,SB112,Anasooya Doyel Ramanujam,1/31/2011,0,0.96,62,1131.25,0,Anasooya Doyel Ramanujam,VAISHALIBEN DHAVAL CHAVDA,,,EITHER OR SURVIVOR
517805194,36940100001469,SBA,3694,A,0888,SB112,Anasooya Doyel Ramanujam,6/13/2011,0,0,18620,26453.14,0,Anasooya Doyel Ramanujam,,,,SELF
517805194,36940100001470,SBA,3694,A,0888,SB112,Anasooya Doyel Ramanujam,2/24/2012,0,6356,0,58.66,0,Anasooya Doyel Ramanujam,VAISHALIBEN DHAVAL CHAVDA,,,EITHER OR SURVIVOR
517805194,36940100001471,SBA,3694,A,0888,SB112,Anasooya Doyel Ramanujam,5/10/2012,0,0,0,29716.54,0,Anasooya Doyel Ramanujam,VAISHALIBEN DHAVAL CHAVDA,,,EITHER OR SURVIVOR
517805194,36940100001472,SBA,3694,A,0888,SB112,Anasooya Doyel Ramanujam,10/9/2012,0,104.13,24723.61,203127.49,0,Anasooya Doyel Ramanujam,VAISHALIBEN DHAVAL CHAVDA,,,EITHER OR SURVIVOR
517805194,45540100001473,SBA,4554,A,0888,SB123,Anasooya Doyel Ramanujam,3/22/2013,0,0,4828.19,604435.77,0,Anasooya Doyel Ramanujam,,,,SELF
517805194,45540100001474,SBA,4554,A,0888,SB123,Anasooya Doyel Ramanujam,3/22/2013,0,0,11284.06,0,0,Anasooya Doyel Ramanujam,,,,SELF
517805194,45540100001475,SBA,4554,A,0888,SB123,Anasooya Doyel Ramanujam,7/20/2013,0,0,1704.25,936,0,Anasooya Doyel Ramanujam,,,,SELF
518806195,04240100011476,SBA,0427,A,0427,SB112,Laasya Noor Ramasubraman,12/7/1998,0,37992.04,35162.75,97.66,29440,Laasya Noor Ramasubraman,S KRISHNAN,RAJIV KRISHNAN,,EITHER OR SURVIVOR
518806195,04240100011477,SBA,0427,A,0427,SB133,Laasya Noor Ramasubraman,6/7/2006,0,18298,0,9129.66,0,Laasya Noor Ramasubraman,RAJIV KRISHNAN,,,EITHER OR SURVIVOR
518806195,04270100011478,SBA,0427,A,0427,SB112,Laasya Noor Ramasubraman,7/20/2012,0,91304.3,20430,22120.05,0,Laasya Noor Ramasubraman,RAJIV KRISHNAN,,,EITHER OR SURVIVOR
518806195,12480100011479,SBA,0427,A,0427,SB112,Laasya Noor Ramasubraman,8/9/2010,0,13395.31,9175,24774.02,0,Laasya Noor Ramasubraman,S KRISHNAN,RAJIV KRISHNAN,,EITHER OR SURVIVOR
518806195,12480100011480,SBA,0427,A,0427,SB114,Laasya Noor Ramasubraman,6/8/2011,0,15342.32,2896.95,5875.98,0,Laasya Noor Ramasubraman,,,,SELF
519807196,29040100001481,SBA,2904,A,1247,SB112,Geena Daksha Ramsamooj,5/26/2011,0,4372.28,1915.26,37834.83,590,Geena Daksha Ramsamooj,,,,SELF
519807196,32840100001482,SBA,3284,A,1247,SB112,Geena Daksha Ramsamooj,11/1/2013,0,236.11,825.65,0,0,Geena Daksha Ramsamooj,,,,SELF
519807196,32840100001483,SBA,3284,A,1247,SB101,Geena Daksha Ramsamooj,9/16/2015,0,2,226.75,4.31,1605,Geena Daksha Ramsamooj,,,,SELF
519807196,35990100001484,SBA,3599,A,1247,SB112,Geena Daksha Ramsamooj,5/3/2007,0,58.1,13960.08,0.19,0,Geena Daksha Ramsamooj,,,,SELF
519807196,36060100001485,SBA,1247,A,1247,SB112,Geena Daksha Ramsamooj,9/28/2002,0,263.37,0,1482.52,0,Geena Daksha Ramsamooj,,,,SELF
520808197,01070100011486,SBA,5922,A,5922,SB112,Jugnu Kanwal Ranadhir,1/1/1995,0,834,4979.12,0,0,Jugnu Kanwal Ranadhir,,,,SELF
520808197,33710100001487,SBA,3371,A,5922,SB112,Jugnu Kanwal Ranadhir,11/11/2010,0,22977.43,1916,1,0,Jugnu Kanwal Ranadhir,PREM YADAV WO JOGINDER SINGH YADAV,,,EITHER OR SURVIVOR
521809198,01070100011488,SBA,0107,A,3371,SB112,Komal Sanjana Ranjana,7/28/2004,0,30432.74,0,0.96,0,Komal Sanjana Ranjana,PREETI,,,EITHER OR SURVIVOR
522810199,08780100011489,SBA,0878,A,3503,SB112,Harishchandra Drupad Rewari,10/26/2010,0,45329.14,326,0,0,Harishchandra Drupad Rewari,,,,SELF
522810199,17410100021490,SBA,1741,A,3503,SB112,Harishchandra Drupad Rewari,8/26/2011,0,0,12066.44,6356,0,Harishchandra Drupad Rewari,,,,SELF
523811200,24230100001491,SBA,5226,A,5226,SB112,Sudeep Lambodar Rudrani,9/19/2011,0,22285.14,53.1,0,0,Sudeep Lambodar Rudrani,,,,SELF
523811200,52260100001492,SBA,5226,A,5226,SB112,Sudeep Lambodar Rudrani,5/16/2014,0,0,45894.91,104.13,0,Sudeep Lambodar Rudrani,,,,SELF
523811200,52260100001493,SBA,5226,A,5226,SB112,Sudeep Lambodar Rudrani,9/16/2014,0,39751.94,737,0,0,Sudeep Lambodar Rudrani,HEMANATH CHENDURTHI,,,EITHER OR SURVIVOR
524812201,09240100001494,SBA,0924,A,0924,SB112,Vanhi Urmil Rupali,12/1/2011,0,7071.96,5.35,0,0,Vanhi Urmil Rupali,,,,SELF
524812201,09240100011495,SBA,0924,A,0924,SB154,Vanhi Urmil Rupali,12/2/2015,0,0,324.4,0,0,Vanhi Urmil Rupali,,,,SELF
525813202,00430100011496,SBA,0043,A,0043,SB112,Gurcharan Aabharan Salil,7/18/2011,0,575.07,13405.83,37992.04,0,Gurcharan Aabharan Salil,,,,SELF
526814203,06320100001497,SBA,0632,A,0632,SB112,Paramhansa Marut Sangem,12/13/2011,0,142.84,469,18298,0,Paramhansa Marut Sangem,,,,SELF
526814203,06320100011498,SBA,0632,A,0632,SB112,Paramhansa Marut Sangem,7/20/2012,0,333.3,1676.88,91304.3,0,Paramhansa Marut Sangem,,,,SELF
526814203,13550100011499,SBA,1355,A,0632,SB112,Paramhansa Marut Sangem,8/30/2014,0,62,8180.25,13395.31,0,Paramhansa Marut Sangem,,,,SELF
527815204,06080100001500,SBA,0608,A,0608,SB112,Salil Baldev Sanghi,12/23/2011,0,18620,0,15342.32,0,Salil Baldev Sanghi,,,,SELF
527815204,06080100011501,SBA,0608,A,0608,SB112,Salil Baldev Sanghi,7/16/2012,0,0,0,4372.28,0,Salil Baldev Sanghi,,,,SELF
527815204,07630100011502,SBA,0763,A,0608,SB112,Salil Baldev Sanghi,1/23/2015,0,0,0,236.11,0,Salil Baldev Sanghi,,,,SELF
528816205,37180100001503,SBA,3718,A,3718,SB101,Bhuvana Bhagyawati Saraswathi,1/6/2012,0,24723.61,0,2,0,Bhuvana Bhagyawati Saraswathi,MOSAMMAT REZIA BEGUM,MD BABAR ALI MIRDYA,,ANY ONE OR SURVIVORS OR SURVIVOR
529817206,01230100011504,SBA,0123,A,0123,SB112,Padmanabh Kuber Sarika,1/18/2012,0,4828.19,0,58.1,0,Padmanabh Kuber Sarika,,,,SELF
530818207,32840100001505,SBA,3284,A,3284,SB101,Shilavati(a River Sarmad,1/27/2012,0,11284.06,0,263.37,0,Shilavati(a River Sarmad,KALPANA SATISH BISSA,,,EITHER OR SURVIVOR
530818207,35280100001506,SBA,3528,A,3284,SB101,Shilavati(a River Sarmad,10/31/2014,0,1704.25,0,834,0,Shilavati(a River Sarmad,BHAGWATI S VYAS,,,EITHER OR SURVIVOR
531819208,27470100001507,SBA,2747,A,2747,SB112,Shantashil Charanjit Sarmistha,3/26/2013,0,35162.75,0,22977.43,0,Shantashil Charanjit Sarmistha,,,,SELF
531819208,32680100001508,SBA,3268,A,2747,SB115,Shantashil Charanjit Sarmistha,3/2/2012,0,0,0,30432.74,0,Shantashil Charanjit Sarmistha,,,,SELF
532820209,38920100001509,SBA,3892,A,3892,SB101,Lav Pranjal Sathyanarayana,5/4/2012,0,20430,0,45329.14,0,Lav Pranjal Sathyanarayana,,,,SELF
533821210,38980200001510,CAA,3898,A,3898,CA101,Prithvi Arka Satsangi,6/14/2012,0,9175,0,0,0,Prithvi Arka Satsangi,,,,PROPRIETOR
534822211,00010100001511,SBA,0001,A,0001,SB112,Talib Deviprasad Sekar,6/29/2012,0,2896.95,0,22285.14,0,Talib Deviprasad Sekar,,,,SELF
534822211,39010100001512,SBA,3901,A,0001,SB112,Talib Deviprasad Sekar,3/25/2013,0,1915.26,0,0,0,Talib Deviprasad Sekar,ABHISHEK MEDHI,,,EITHER OR SURVIVOR
