uid,alpha,lat,lng,type,address,state,district
1FDBOM242,JOGWES,19.14642752,72.84624707,ATM,Jogeshwari West,MH,MUMBAI SUBURBAN
1RDDMUM69,INTMUM,19.21291406,72.84039114,ATM,J S Towers Mahaveer Naga,MH,MUMBAI SUBURBAN
1FDBOM252,KANDIV,19.1988972,72.8484001,ATM,"Shop No.10, Avirahi Arcade, Narayan Joshi Road, Kandivali West, Mumbai, Maharashtra, Pin-400067",MH,MUMBAI SUBURBAN
1FDBOM271,KANDIV,19.1988917,72.8483997,ATM,"Mahavir Krupa, Shop No 1, C-22, Mahavir Nagar, Kandivali(W), Mumbai-400067",MH,MUMBAI SUBURBAN
1RDDMUM47,KANDIV,19.1988917,72.8483997,ATM,"Riddhi Siddhi General Stores Shop No 2 Next To by Shopping Centre Kandivali(West) Mumbai 102,Maharashtra-400067",MH,MUMBAI SUBURBAN
1RDDMUM93,KANDIV,19.1988825,72.8483989,ATM,"Raghuleela Mall, 5Th Floor, Mall Management Office, Behind Poisar Bus Depot, S.V. Road, Kandivali (W), Mumbai, Maharashtra, Pin-400067",MH,MUMBAI SUBURBAN
1RDDMUM35,SUNGOR,19.1765412,72.8455692,ATM,"MTNL, S.V.Road, Goregaon West, Mumbai, Pin-400062",MH,MUMBAI SUBURBAN
1FDBOM130,KANJUR,19.1279021,72.9255705,ATM,"Powai Telephone Exchange Building, Lbs Marf, Powai, Mumbai. Pin- 400083",MH,MUMBAI SUBURBAN
1FDBOM265,THAVIL,19.21541932,72.87103605,ATM,"Shop No. 4, Gokul Avenue, Opposite  Reliance Fresh, Thakur Complex, Kandivali East, Mumbai, Pin-400019",MH,MUMBAI SUBURBAN
1FDBOM381,THAVIL,19.2102959,72.8742569,ATM,"Shop No 4, Annex Mall, Western Express Highway, Kandiwali East",MH,MUMBAI SUBURBAN
1FDBOM382,THAVIL,19.2102952,72.8742556,ATM,"Shop No-31, N G Suncity Phase, Thakur Village, Kandivali East, Mumbai, Maharashtra, Pin-400101.",MH,MUMBAI SUBURBAN
1RDDMUM73,THAVIL,19.2102952,72.8742556,ATM,"Shop No97, Evershine Millenium Paradise, Thakur Village, Kandivli(E),Mumbai,Maharashtra-400101",MH,MUMBAI SUBURBAN
1FDBOM383,GORAI,19.226002,72.8292544,ATM,Hsg Near Devaki Nagar,MH,MUMBAI SUBURBAN
1RDDMUM36,GORAI,19.2260029,72.8292533,ATM,Charkop Telephone Exchang,MH,MUMBAI SUBURBAN
1FDBOM309,GOREAS,21.92000008,82.77999878,ATM," The Hub, Nirion Compound Western Express Highway, Goregaon(East) Mumbai. Pin-400063",MH,MUMBAI SUBURBAN
1RDDMUM46,GOREAS,19.1644744,72.8532166,ATM,"Shop No 5C ,Shagon Mall ,Ground Floor, Gokuldham Gen. A K Vaidya Marg, Opposite  Dindoshi Depot., Goregoan(E),Mumbai:-52,,Mumbai,Maharashtra. Pin-400063",MH,MUMBAI SUBURBAN
1RDDMUM81,GOREAS,19.1644744,72.8532166,ATM,"Car Care Center, Goregaon Western Express Highway, Hpcl Outlets,Goregaon (East),Mumbai,Maharashtra. Pin-400063",MH,MUMBAI SUBURBAN
1FDBOM182,DAHISA,19.2503455,72.8587884,ATM,"Shop No A/5, Veer Hanuman Nagar CHSL, L M Road, Kandarpada, Dahisar (W), Mumbai, Pin-400066",MH,MUMBAI SUBURBAN
1FDBOM139,VEEBOM,19.1821513,72.9472768,ATM,"Zojwalla, HPCL Petrol Pump, Lbs Marg, Mulund (W), Mumbai-400080",MH,MUMBAI SUBURBAN
1RDDMUM53,VEEBOM,19.1813001,72.9465739,ATM,"Veenanagar,Mumbai,Maharastra-400080",MH,MUMBAI SUBURBAN
1FDBOM307,VIKHRO,19.1187007,72.9259386,ATM," 247 Park, Hincon House, Lbs Marg, Vikhroli (West), Mumbai, Maharashtra, Pin-400083",MH,MUMBAI SUBURBAN
1FDBOM246,BHABOM,19.1551754,72.9474499,ATM,"Shop No. 3, Bhagvati Apartment, Koparkar Marg, Opposite  Nahur Station, Bhandup East, Mumbai-400042",MH,MUMBAI SUBURBAN
1FDBOM351,BHABOM,19.1443166,72.9359847,ATM," Sai Ashish Apt, Shop No.25, Village Road, Opposite  Santoshi Mata Mandir, Bhandup(W), Mumbai, Pin-400078",MH,MUMBAI SUBURBAN
1FDBOM319,ASHOKV,19.2419279,72.8650712,ATM,"Ashokv, Shop No. 13, Ground Floor Bhima Co.Op, Housing So Shantivan Shrikrishna Nagar, Opposite Sona Theater, Borivali East , Maharashtra. Pin-400066",MH,MUMBAI SUBURBAN
1FDBOM380,ASHOKV,19.2419279,72.8650712,ATM,"Shop No 3, Mangalam Building, Kulupwadi, Western Express Highway, Borivali East, Mumbai, Maharashtra, Pin-400066.",MH,MUMBAI SUBURBAN
1FDBOM320,AKURLI,19.19444405,72.87268963,ATM,Lokhanwala Kandivali East,MH,MUMBAI SUBURBAN
1RDDMUM54,AKURLI,19.21375369,72.86672842,ATM,Gokulnagari 90 Feet Rd,MH,MUMBAI SUBURBAN
1FDBOM268,ANDEAS,19.1181319,72.8507564,ATM,"98 Gr Floor, Dharma Kripa Bldg, Old Nagardas Road, Near Jain Temple, Andheri (E), Mumbai, Pin-400059",MH,MUMBAI SUBURBAN
1FDBOM353,ANDEAS,19.12321244,72.85119105,ATM," 98 Gr Floor, Dharma Kripa Bldg, Old Nagarrdas Road, Near Jain Temple, Andheri(E), Mumbai, Pin-400059",MH,MUMBAI SUBURBAN
1FDBOM369,ANDEAS,19.11972504,72.84769244,ATM,"At Existing Side Of Axis Bank Opposite  East Side [Old ] Booking Office Near Landing North Side Fob , Andheri East",MH,MUMBAI SUBURBAN
1FDBOM384,ANDEAS,19.1124557,72.84889374,ATM,"Shop No-15, Balaji Building No-4, Koldongri, Sahar Road, Andheri East, Mumbai, Maharashtra, Pin-400069",MH,MUMBAI SUBURBAN
1FNBOM187,ANDHER,19.114327,72.84424245,ATM,"Lallubhai Park, Andheri West, Mumbai, Pin- 400058",MH,MUMBAI SUBURBAN
1FDBOM229,ANDHER,19.12805395,72.83222347,ATM,Jivan,MH,MUMBAI SUBURBAN
1FDBOM370,MALAD,19.1847319,72.8466213,ATM,"At Existing Side Of Canara Bank Next To Tc Office At Pf No.01 Entry /Exit From Middle ,Malad West",MH,MUMBAI SUBURBAN
1FDBOM124,MULEAS,19.1716205,72.9620684,ATM,"Shop No. 13, Mulund Siddhi Chs, Mhada Colony, Mulund East, Mumbai, Pin- 400086",MH,MUMBAI SUBURBAN
1FNBOM95,ROBOMW,19.1369235,72.8474541,ATM,"3rd Floor, Behind Deewan Shopping Centre, Jogeshwari (W), Pin-400102",MH,MUMBAI SUBURBAN
1FDBOM157,SHIBOM,18.9676865,72.8284678,ATM,"Shivaji Park Telephone Exchange Building, Anant Patil Road, Dadar (W), Mumbai-400028",MH,MUMBAICENTRAL
1FNBOM295,SHIBOM,18.9676648,72.828459,ATM,"Gr and 1St Floor, Star Mall, Next To Shivaji Mandir, N C Kelkar Road, Dadar (W), Mumbai, Pin-400028.",MH,MUMBAICENTRAL
1FDBOM158,SION,19.114997,72.8384161,ATM,"Sion Telephone Exchange, Ground Floor, Sion Koliwada Road, Sion, Mumbai-400022",MH,MUMBAICENTRAL
1FDBOM412,JACOBC,18.97139724,72.82012705,ATM,"Outside Pf No 5, Near Reservation Office, Opposite  Pay And Park, Mumbai Central East",MH,MUMBAICENTRAL
1RDDMUM97,JACOBC,18.97153612,72.82013074,ATM,"Mumbai Central Railway Station, Mumbai Central, Mumbai,Maharashtra-400008",MH,MUMBAICENTRAL
1FDBOM133,GHAEAS,18.9677826,72.8284721,ATM,"Shop No 5, Bldng No 5, Bellora Bldg, Pant Nagar Circle, Ghatkopar(E), Mumbai, Pin-400075",MH,MUMBAICENTRAL
1FDBOM159,GHAEAS,18.9677826,72.8284721,ATM," Hingwala, Mtnl Exchange, Rajawadi, Hingwala Lane, Ghatkoper East, Mumbai, Pin-400077",MH,MUMBAICENTRAL
1FDBOM310,GHAEAS,18.9677826,72.8284721,ATM," R Odean Mall, 194 Vallabh Baugh, Ghatkoper- East Mumbai. Pin-400077",MH,MUMBAICENTRAL
1FDBOM131,GHATKO,19.114994,72.8384212,ATM," Mtnl, Nityanand Nagar Telephone Exchange Building, 3Rd Floor, Ghatkopar West, Mumbai, Mh, Pin-400086",MH,MUMBAICENTRAL
1FDBOM125,TILCHE,18.9677161,72.8284517,ATM,"NHTC, HPCL Petrol Pump, Ghatkopar, Chembur Road, Amar Mahal, Mumbai, Maharashtra, Pin- 400086",MH,MUMBAICENTRAL
1FDBOM111,BYCULL,18.9708876,72.8318912,ATM,"MTNL, Chandavarkar Marg, Near Agripada Police Station, Mumbai, Pin-400010",MH,MUMBAICENTRAL
1RDDMUM92,CHANDA,19.1149932,72.8384276,ATM," Rukmini Niwas, Hindu Colony, Chandavarkar Road, Dadar, Mumbai, Maharashtra, Pin-400014",MH,MUMBAICENTRAL
1FDBOM132,CHEMBU,19.1149918,72.8384263,ATM,"2, Adjacent-Chembur Telephone Exchange Building, Ground Floor, Chembur, Mumbai, Maharashtra, Pin-400071",MH,MUMBAICENTRAL
1FDBOM190,CHEMBU,19.1149888,72.8384399,ATM,"Diamond Auto HPCL Petrol Pump, Sion - Trombay Road,Chembur,  Mumbai, Maharashtra, Pin- 400074",MH,MUMBAICENTRAL
1FDBOM259,CHEMBU,19.1149888,72.8384399,ATM,"H.P.Nagar Housing Complex Office, Bunglow No.11, H.P.Nagar(East), Vashi-Naka, Chembur, Mumbai-400074",MH,MUMBAICENTRAL
1FDBOM304,CHEMBU,19.1149888,72.8384399,ATM,"Chembur K Star Mall  V N Purav Marg, Sion Trombay Highway, Chembur East, Near Diamond Garden, Mumbai ? 400071",MH,MUMBAICENTRAL
1FDBOM269,KHAR,18.9678224,72.8284086,ATM,"Shop No 2, Arihant CHS, 53, Chuim Village, Dand Pada, Khar Danda, Khar West, Mumbai-400052",MH,MUMBAICENTRAL
1FDBOM414,KHAR,18.9678186,72.8284718,ATM,"Near Southeast Bmc, Bridge Western, Railway Parking, Circulating Area, Santacruz East",MH,MUMBAICENTRAL
1FNBOM161,KHAR,18.9678186,72.8284718,ATM,"Linking Road, Khar West, Mumbai, Pin- 400052",MH,MUMBAICENTRAL
1FDBOM305,VILEAS,19.1153169,72.8370776,ATM," Big Bazar Mumbai Vile Parlie Parle Square, Mongi Bai Road, Vile Parle East, Dinanath Mangeshkar Hall, Mumbai, Pin- 400057",MH,MUMBAICENTRAL
1RDDMUM88,VILEAS,19.1149856,72.8383946,ATM," Nanda Patkar Road, Vile Parle (E), Mumbai,Maharashtra Pin-400057",MH,MUMBAICENTRAL
1FDBOM160,VILWES,18.9676885,72.8284618,ATM,"Excel Service Station, HPCL Petrol Pump, V M Road, Juhu, Vileparle, West-400056",MH,MUMBAICENTRAL
1FDBOM197,VILWES,18.9677158,72.8284537,ATM,"HPCL, Auto Care Centre, S.V. Road, Near Pawanhans,Vile Parle, Mumbai, Pin-400056",MH,MUMBAICENTRAL
1FDBOM121,WADALA,19.02021513,72.8561632,ATM,"Wadala Telephone Exchange Building, Ground Floor, Wadala, Mumbai-4000 14",MH,MUMBAICENTRAL
1FDBOM122,WORLI,18.9677737,72.8284301,ATM,"Worli Telephone Exchange Building, Worli, Mumbai, Pin-400018",MH,MUMBAICENTRAL
1FNBOM81,CHUNAB,18.9676929,72.8284731,ATM,"Somaiya College And Research Centre, Near Everad Nagar, Eastern Express Highway, Sion-Chunabhatti, Near Vidyavihar, Mumbai, Pin- 400022",MH,MUMBAICENTRAL
1FDBOM408,Bandra,19.0593434,72.836508,ATM,"Suburban Services Station, Hpcl Petrol Pump, S V Road, Bandra (W)",MH,MUMBAICENTRAL
1FDBOM415,BANDRA,19.0593434,72.836508,ATM,"Bandra Terminal Near Boundary Road Towards Bandra Station, Circulating Area",MH,MUMBAICENTRAL
1FNBOM184,BANDRA,19.0593434,72.836508,ATM,"G/Block, CST Road, BKC, Mumbai-400051",MH,MUMBAICENTRAL
1FDBOM386,BANEAS,19.0613577,72.8637636,ATM," Bcc, Bkc, Bandra, Mumbai-400051",MH,MUMBAICENTRAL
1FNBOM84,BANEAS,19.0605857,72.8639258,ATM," Baroda Suntower, Bandra Kurla Complex, Mumbai-400051",MH,MUMBAICENTRAL
1FDBOM286,LALBAU,19.00583796,72.83340868,ATM," Shop No-22, Sundaram Building, Balasheth Madhukar Marg, Beside India Bull Centre One, Elphinstone Road, Mumbai, Pin- 400013",MH,MUMBAICENTRAL
1RDDMUM05,LALBAU,19.00597395,72.83370808,ATM,"Shop No:22, Sundaram Building, Balasheth Madurkar Marg, Beside India Bull Centre One, Elphinstone Road",MH,MUMBAICENTRAL
1FDBOM366,MCKURL,18.9677789,72.8284657,ATM,"HPCL Petrolpump, Baxi Singh and Co., Lbs Marg, Kurla West, Mumbai, Maharashtra, Pin-400070",MH,MUMBAICENTRAL
1FDBOM230,MCMAHI,18.9677331,72.8284563,ATM,"HPCL Hind Auto, Mahim, Mumbai, Maharashtra, Pin-400016",MH,MUMBAICENTRAL
1FDBOM275,MCSEWR,18.9995385,72.8487785,ATM,HPCL R B Traders Opposite Dockyard Road Station,MH,MUMBAICENTRAL
1FDBOM365,MCSEWR,18.9995385,72.8487785,ATM,"Hpcl Petrol Pump, Auto Care, Sewree, Gate No 5, Sewree Cross Road, Sewree, Mumbai, Maharashtra, Pin - 400015",MH,MUMBAICENTRAL
1FDBOM413,PRABHA,18.9676687,72.8284824,ATM,"Outside Pf No 05, Circulating Area, Dadar West",MH,MUMBAICENTRAL
1FDBOM416,SANEAS,19.1150093,72.838365,ATM,"Near South East,Bmc, Bridge Western,Railway Parking,Circulating Area, Santacruz East, Pin:400054",MH,MUMBAICENTRAL
1FDBOM417,SANEAS,19.1150046,72.838365,ATM,"Near South East,Bmc,Bridge Western,Railway Parking,Circulating Area, Santacruz East,   Pin:400054",MH,MUMBAICENTRAL
1FDBOM270,SANWES,19.1149923,72.8384078,ATM,"Bharat Petroleum Dealers Plot No. 2, S.V. Road, Tps 5 Khaira Compound, Santacruz(W), Mumbai, Maharashtra, Pin- 400054",MH,MUMBAICENTRAL
1FDBOM407,sanwes,19.1149811,72.8384171,ATM,"HPCL, Auto Mobile Centre, S V Road, Santa Cruz, Mumbai-400054",MH,MUMBAICENTRAL
1RDDMUM48,GAMDEV,18.9585042,72.8112753,ATM,"Wilson College,Girgaon",MH,MUMBAISOUTH
1FDBOM333,SIRPMR,18.9342277,72.8340781,ATM,"Shop No:10/274,Elite Square, Perin Nariman Street, Fort, Mumbai, Mh, Pin-400001",MH,MUMBAISOUTH
1FDBOM403,SIRPMR,18.9345203,72.8330634,ATM,"Shop No: 7, Ukaji House, Agari Lane, Off Modi Street, Fort, Mumbai ? 400001",MH,MUMBAISOUTH
1FDBOM194,TARDEO,18.9697724,72.8151743,ATM,"Hpcl, Tardeo Auto, Opposite  AC Market, Mumbai-400034",MH,MUMBAISOUTH
1FDBOM306,TARDEO,18.9697724,72.8151743,ATM," Central Plot Bearing No 15 738 14 738 Of Taredo Div Pt M M Malviy, Mumbai Central. Pin-400034",MH,MUMBAISOUTH
1FDBOM112,THAKUR,18.9504503,72.8238723,ATM,"Shop No-1, Gr Floor, 62/64, Dr. M B Walker Street, Chira Bazar, Mumbai, Pin-400002",MH,MUMBAISOUTH
1FDBOM392,FORTUN,18.9293816,72.8326282,ATM,"Bombay Stock Exchange Area, Ground Floor, Engineer House, 86, Mumbai Samachar Marg, Near Bse, Fort, Mumbai ? 400001",MH,MUMBAISOUTH
1FDBOM109,GAMDEV,18.9586433,72.8111688,ATM,"MTNL Gamdevi Telephone Exchange, Mumbai - 400026",MH,MUMBAISOUTH
1FDBOM113,CPTANK,18.9535906,72.8262531,ATM,"Kandori Nagar Cooperative Society, 215 Panjrapole Road, Jai Ambe Chowk, Near Kumbhar Tukda, Bhuleshwar, Mumbai, Pin-400004",MH,MUMBAISOUTH
1FDBOM391,CRAWFO,18.94971181,72.8360074,ATM,"70, Janjikar Street, Near Crawford Market, Mumbai-400003",MH,MUMBAISOUTH
1FDBOM358,CRAWFO,18.96094616,72.83229087,ATM,Hpcl Bhendi Bazar,MH,MUMBAISOUTH
1FDBOM114,BULLIO,18.9503119,72.831585,ATM,"185, Sheikh Memon Street, Shantilal N. Sonawala Chowk, Mumbai, Pin- 400002",MH,MUMBAISOUTH
1FNBOM96,BULLIO,18.9503266,72.8316309,ATM,"Jai Ambe House, Corner Of Mirza Street and Sheikh Memon Street, Opposite  M. J. Market, Mumbai, Pin-400003 ",MH,MUMBAISOUTH
1FNBOM97,BULLIO,18.9503266,72.8316309,ATM,"Jai Ambe House, Corner Of Mirza Street and Sheikh Memon Street, Opposite  M. J. Market, Mumbai, Pin-400003 ",MH,MUMBAISOUTH
1FDBOM393,VPROAD,18.9563058,72.82265,ATM,"20/3A, Chittapawan Brahman Sangh, S R Sohni Path, Jss Road, Girgaon, Mumbai - 400004",MH,MUMBAISOUTH
1FDBOM195,KHETWA,18.9834878,72.8394233,ATM,Khetwadi,MH,MUMBAISOUTH
1RDDMUM75,KHETWA,18.9834888,72.8394257,ATM,"S V Road,Girgaon",MH,MUMBAISOUTH
1FDBOM225,KHETWA,18.9580554,72.8226988,ATM,Mumbai Agra Road Padgha,MH,MUMBAISOUTH
1FDBOM243,KHETWA,18.9580554,72.8226988,ATM,Kalyan,MH,MUMBAISOUTH
1FDBOM150,BALBOM,18.93737278,72.8394879,ATM,"Meher Chambers, Dr Sunderlal Behl Marg, Ballaroad, Pier, Mumbai, Pin-400001 ",MH,MUMBAISOUTH
1FDBOM267,BALBOM,18.93385229,72.84098692,ATM,"HPCL, Hindusthan Bhavan, 8, Shoorji Vallabhdas Marg, Ballard Pier, Mumbai, Pin-400038",MH,MUMBAISOUTH
1FDMUM99,BALBOM,18.9373953,72.839504,ATM,Meher Chambers,MH,MUMBAISOUTH
