Customer ID,Biller ID,Biller Name,Biller Type,Biller Address 
435723112,123456879,acericious,GOVT,TIRUPATI NAGAR PHASE II VIRAR WEST
436724113,123456880,agizz,SHOP,LTD THANE EAST
436724113,123456881,aipe,MOBILE,"MUNJABA CHOWK, H. NO. 85,TAL/DIST NASIK,"
437725114,123456882,albose,GOVT,MAKARWALI ROAD AJMER
437725114,123456883,alinti,SHOP,PUSHKAR ROAD
437725114,123456884,ambideo,GOVT,GARDEN MEERA BHAINDER ROAD  THANE
438726115,123456885,ament,SHOP,M C ROAD CHENGANNUR
439727116,123456886,amphitz,ELECTRICITY,KHALINI
440728117,123456887,animize,ELECTRICITY,MITHPUR DIST JAMNAGAR
440728117,123456888,anose,SHOP,SRI GANGA NAGAR
441729118,123456889,antelith,SHOP,SALEM 10
441729118,123456890,anticy,GOVT,TRICHY
441729118,123456891,anu,SHOP,RANJITNAGAR  AURANGABAD
442730119,123456892,aponder,MOBILE,JALGAON
443731120,123456893,aqudel,GOVT,GANGAPUR CITY
444732121,123456894,archent,GOVT,NEW HOSPITAL ROAD VIJAY NAGAR
445733122,123456895,astrombu,SHOP,SILIGURI
446734123,123456896,audescent,SHOP,CALICUT
447735124,123456897,aurise,GOVT,ROHTAK
448736125,123456898,autofy,MOBILE,DIST ANUPPUR
449737126,123456899,avandu,ELECTRICITY,I CROSS
450738127,123456900,avimia,ELECTRICITY,TEH KUSHALGARH
451739128,123456901,befic,MOBILE,SAJJANGARH
452740129,123456902,bellose,MOBILE,TIRUPATI NAGAR PHASE II VIRAR WEST
453741130,123456903,bilia,GOVT,LTD THANE EAST
454742131,123456904,biodo,GOVT,PUSHKAR ROAD
454742131,123456905,bonile,SHOP,NAUPADA THANE
455743132,123456906,bovicious,ELECTRICITY,AJMER
456744133,123456907,calcible,MOBILE,GARDEN MEERA BHAINDER ROAD  THANE
456744133,123456908,camizu,GOVT,M C ROAD CHENGANNUR
456744133,123456909,canescent,GOVT,SECTOR 5 C GANDHINAGAR
457745134,123456910,capous,ELECTRICITY,BHAVANI NAGAR TIRUPATI
458746135,123456911,cedity,MOBILE,MITHPUR DIST JAMNAGAR
459747136,123456912,centiyo,SHOP,KOLKATA
460748137,123456913,cervive,MOBILE,SRIGANGANAGAR
461749138,123456914,circumend,ELECTRICITY,SALEM 10
462750139,123456915,cisoid,GOVT,RANJITNAGAR  AURANGABAD
463751140,123456916,cogiloo,MOBILE,GANGAPUR CITY
464752141,123456917,colity,GOVT,KUSUMKHERA HALDWANI DIST NAINITAL UTTARAKHAND
465753142,123456918,comend,GOVT,SILIGURI
466754143,123456919,conile,SHOP,POST RADHANAGAR ROAD   VIA BURNPUR BURDWAN
467755144,123456920,contrambu,SHOP,SANTHIPURAM  VSP
468756145,123456921,corandu,SHOP,ROHTAK
469757146,123456922,coril,ELECTRICITY,JAMMU
470758147,123456923,cozio,ELECTRICITY,ALLEPPEY
471759148,123456924,cryore,GOVT,DHUVARAN
472760149,123456925,cryptodeo,SHOP,I CROSS
472760149,123456926,dembee,ELECTRICITY,SECTOR 12 HIRAN MAGRI
473761150,123456927,demiyo,MOBILE,KACHERI STREET  CHELLURU
474762151,123456928,demonder,MOBILE,BOB BASI KIRATPUR
475763152,123456929,diayo,GOVT,TIRUPATI NAGAR PHASE II VIRAR WEST
476764153,123456930,diemba,MOBILE,"MUNJABA CHOWK, H. NO. 85,TAL/DIST NASIK,"
476764153,123456931,difize,GOVT,MAKARWALI ROAD AJMER
477765154,123456932,disism,SHOP,PUSHKAR ROAD
477765154,123456933,divaloo,MOBILE,AJMER
478766155,123456934,dixo,SHOP,M C ROAD CHENGANNUR
478766155,123456935,dolism,ELECTRICITY,KHALINI
478766155,123456936,domil,GOVT,CHOODIKOTTA   AZHIYUR    VATAKARA
479767156,123456937,dominent,SHOP,BHAVANI NAGAR TIRUPATI
480768157,123456938,duofic,ELECTRICITY,MITHPUR DIST JAMNAGAR
480768157,123456939,dutri,SHOP,SRI GANGA NAGAR
481769158,123456940,dynafix,GOVT,GANGAPUR CITY
481769158,123456941,dynogen,SHOP,KUSUMKHERA HALDWANI DIST NAINITAL UTTARAKHAND
482770159,123456942,eandu,ELECTRICITY,HLD HALDWANI
482770159,123456943,ecoyo,MOBILE,LIMDA ROAD  BHUJ
483771160,123456944,eimbo,GOVT,NEW HOSPITAL ROAD VIJAY NAGAR
484772161,123456945,electroyo,SHOP,SILIGURI
485773162,123456946,enist,GOVT,SANTHIPURAM  VSP
486774163,123456947,epixo,ELECTRICITY,GIDC  COLONY  VAPI
487775164,123456948,equtri,MOBILE,JAWAHAR NAGAR ROHTAK
487775164,123456949,esise,GOVT,ROHTAK
488776165,123456950,euroxo,SHOP,DHUVARAN
489777166,123456951,execuzu,GOVT,KACHERI STREET  CHELLURU
490778167,123456952,exive,ELECTRICITY,TEH KUSHALGARH
491779168,123456953,falcose,SHOP,AT PO JALGAON 425001
491779168,123456954,fambo,GOVT,LTD THANE EAST
492780169,123456955,felist,ELECTRICITY,"MUNJABA CHOWK, H. NO. 85,TAL/DIST NASIK,"
493781170,123456956,finic,MOBILE,MAKARWALI ROAD AJMER
494782171,123456957,flido,ELECTRICITY,AJMER
495783172,123456958,forose,MOBILE,GARDEN MEERA BHAINDER ROAD  THANE
496784173,123456959,fortor,GOVT,M C ROAD CHENGANNUR
497785174,123456960,frontive,GOVT,AR NAGAR CTA GARDEN KATTUPAKKAM
498786175,123456961,garity,MOBILE,SRIGANGANAGAR
499787176,123456962,gelane,SHOP,KANNANKURICI SALEM
500788177,123456963,genent,MOBILE,TRICHY
501789178,123456964,geovu,SHOP,PLOT-3 DATTA COLONY  SHAHU NAGAR
501789178,123456965,graditri,ELECTRICITY,JALGAON
502790179,123456966,hemideo,ELECTRICITY,LIMDA ROAD  BHUJ
503791180,123456967,homotude,GOVT,GALLAVANIPALEM AGANAMPUDI
504792181,123456968,hydrofix,SHOP,ROHTAK
504792181,123456969,hypericious,ELECTRICITY,JAMMU
505793182,123456970,hypota,MOBILE,UKS ROAD NR MAVOOR ROAD    CALICUT
506794183,123456971,ideocee,SHOP,ROYAL RESIDENCE AREF COLONY ASIF BAGH
507795184,123456972,idiojo,GOVT,DIST ARRAH BIHAR
508796185,123456973,infrander,SHOP,TEH KUSHALGARH
509797186,123456974,inic,MOBILE,BOB BASI KIRATPUR
510798187,123456975,insulive,GOVT,AT PO JALGAON 425001
511799188,123456976,interity,SHOP,BARDAI
512800189,123456977,intragen,ELECTRICITY,VAISHALI NAGAR
513801190,123456978,isondu,GOVT,MAKARWALI ROAD AJMER
514802191,123456979,jazio,SHOP,PUSHKAR ROAD
515803192,123456980,katz,ELECTRICITY,NAUPADA THANE
516804193,123456981,kayise,SHOP,M C ROAD CHENGANNUR
517805194,123456982,kidel,ELECTRICITY,MITHPUR DIST JAMNAGAR
518806195,123456983,kwicero,GOVT,TRICHY
519807196,123456984,lambee,SHOP,KUSUMKHERA HALDWANI DIST NAINITAL UTTARAKHAND
520808197,123456985,laudise,ELECTRICITY,POST RADHANAGAR ROAD   VIA BURNPUR BURDWAN
521809198,123456986,leetz,GOVT,SANTHIPURAM  VSP
522810199,123456987,locize,SHOP,CALICUT
523811200,123456988,lunic,MOBILE,JAWAHAR NAGAR ROHTAK
524812201,123456989,lupism,ELECTRICITY,UKS ROAD NR MAVOOR ROAD    CALICUT
525813202,123456990,malous,GOVT,ROYAL RESIDENCE AREF COLONY ASIF BAGH
526814203,123456991,manunder,SHOP,ALLEPPEY
527815204,123456992,marile,ELECTRICITY,I CROSS
528816205,123456993,maxinte,SHOP,DIST ARRAH BIHAR
529817206,123456994,medimba,ELECTRICITY,TEH KUSHALGARH
530818207,123456995,meegen,MOBILE,SAJJANGARH
531819208,123456996,megante,SHOP,AT PO JALGAON 425001
532820209,123456997,metacy,MOBILE,TIRUPATI NAGAR PHASE II VIRAR WEST
533821210,123456998,micee,GOVT,LTD THANE EAST
534822211,123456999,microdel,SHOP,VAISHALI NAGAR
,,,,
,,,,
,,,,
,,,,
,,,,
,,,,
,,,,
