alpha,latitude,longitude,branchName,address,pin,city,ifsc,micr,rtgs,locker,demat,insurance,forex,invest,contact
AKURLI,19.199057,72.856035,Kandivali(E)    ,"Bank Of Baroda, Hiramani Enclave,  Kandivali (East)",400101,Mumbai,BARB0AKURLI,400012087,Yes,Yes,No,No,Yes,No,2228875773
ALTAMO,18.964739,72.807989,Altamount Road   ,"36, Crystal, Kemps Corner, Mumbai",400026,Mumbai,BARB0ALTAMO,400012002,Yes,Yes,No,Yes,Yes,No,2223530634
AMBEAS,19.204837,73.186339,Ambernath East   ,"Shop No. A/1-4, Triveni Sangam CHS, Near Datta Mandir, Vadavli Section, Ambernath (E) - 421501",421501,Mumbai,BARB0AMBEAS,400012173,Yes,No,No,No,No,No,2512600682
AMBOLI,19.12727312,72.84461394,Amboli    ,"Shop No-1 ,May Fair Building,Shop Number 9&10,Near Sablaise Church, Ceaser Road, Dawood Baug Rd, Andheri West, Navneeth Colony, Amboli, Mumbai, Maharashtra 400058",400058,Mumbai,BARB0AMBOLI,400012188,Yes,No,No,No,No,No,2226780415
ANDEAS,19.118145,72.850842,Andheri East   ,"Ground Floor, Umarji House, Teli Gali, Parsi Colony, Bima Nagar, Andheri East, Mumbai, Maharashtra 400069",400069,Mumbai,BARB0ANDEAS,400012176,Yes,Yes,No,No,Yes,No,NA
ANDHER,19.11909939,72.84496129,Andheri    ,"189 Khajina Mahal, S. V. Road, Andheri (W)",400058,Mumbai,BARB0ANDHER,400012004,Yes,Yes,No,Yes,Yes,Yes,8879970508
ARMBOM,18.9375363,72.8394805,Asset Recovery   ,"Meher Chamber, Goa St, Ballard Estate, Fort, Mumbai, Maharashtra 400001",400001,Mumbai,BARB0ARMBOM,NULL,Yes,No,No,No,No,No,8879972410
ASHOKV,19.241946,72.865247,Ashokvan    ,"Shop No-4,5,6 & 7, Nancy Colony, Veer Savarkar Rd, Shankheshwar Nagar, Borivali East, Mumbai, Maharashtra 400066",400068,Mumbai,BARB0ASHOKV,400012191,Yes,No,No,No,No,No,2228481375
BACKBA,18.930056,72.826131,Backbay Reclamation   ,"Ram Mahal, 8 Dinshaw Vachha Road, Mumbai",400020,Mumbai,BARB0BACKBA,400012056,Yes,Yes,No,Yes,Yes,Yes,NA
BALBOM,18.9357,72.83849,Ballaroad Estate   ,"Adi Murzban Path, Ballard Estate, Fort, Mumbai, Maharashtra 400001",400001,Mumbai,BARB0BALBOM,400012005,Yes,No,No,Yes,No,No,2242120701
BANDRA,19.05967,72.836398,Bandra (West)   ,"Meghdoot Building, Junction Of Linking & Turner Road, Linking Road, Bandra West, Bandra West, Mumbai, Maharashtra 400050",400050,Mumbai,BARB0BANDRA,400012006,Yes,Yes,No,No,Yes,Yes,2226421653
BANEAS,19.061153,72.863856,BKC    ,"C-26, G Block, Bandra Kurla Complex, Bandra (East),Mumbai,Maharastra-400051",400051,Mumbai,BARB0BANEAS,400012112,Yes,Yes,No,Yes,No,Yes,2266985030
BHABOM,19.1443166,72.9359847,Bhandup    ,"Plot No. 471, Ground Floor, Devdarshan Bldg., Bhandup, Bhandup West, Mumbai, Maharashtra 400078",400078,Mumbai,BARB0BHABOM,400012007,Yes,Yes,No,No,Yes,No,2225947369
BHAEAS,19.313238,72.853939,Bhayander (East)   ,"Kamakashi Sadan, Jesal Park Road, Bhayander(E)",401105,Thane,BARB0BHAEAS,400012095,Yes,Yes,No,Yes,Yes,No,2228167541
BHAUDA,19.0316005,72.8543911,Bhaudaji Road   ,"Laxmi Sagar,127 Bhaudaji Road, Matunga,Mumbai,Maharastra-400019",400019,Mumbai,BARB0BHAUDA,400012009,Yes,Yes,No,No,Yes,No,8879970614
BHAYAN,19.2992499,72.8513155,Bhayandar West    ,"Kailas Darshan Building, Goddev Phatak Rd, Geeta Nagar, Bhayandar West, Mira Bhayandar, Maharashtra 401101",401101,Thane,BARB0BHAYAN,400012122,Yes,Yes,No,No,Yes,No,2228184157
BHULAB,18.974239,72.806493,Bhulabhai Desai Road  ,"Saraswati Sadan, Bhulabhai Desai Marg, Mahalaxmi West, Mumbai, Maharashtra 400026",400026,Mumbai,BARB0BHULAB,400012010,Yes,Yes,No,Yes,Yes,No,2223511966
BULLIO,18.9503266,72.8316309,M.J.Market    ,"Jai Ambe House, Corner Of Mirza Street and Sheikh Memon Street, Opposite  M. J. Market, Mumbai, Pin-400003 ",400003,Mumbai,BARB0BULLIO,400012047,Yes,No,No,Yes,No,No,8879972415
BYCULL,18.9708968,72.8319313,Byculla    ,"18-A, 19/20, Byculla House, Clare Road, Byculla West, Mumbai,Maharashtra-400008",400008,Mumbai,BARB0BYCULL,400012014,Yes,No,No,Yes,No,No,2223072531
CFSBAL,18.935761,72.838511,CFS Ballaroad Estate  ,"R Kamani Rd, Ballard Estate, Fort, Mumbai, Maharashtra 400001",400001,Mumbai,BARB0CFSBAL,400012115,Yes,Yes,No,No,No,Yes,NA
CFSFRT,18.93164,72.833993,CFS Fort   ,"12/NO, Mumbai Samachar Marg, Kala Ghoda, Fort, Mumbai, Maharashtra 400001",400001,Mumbai,BARB0CFSFRT,400012116,Yes,Yes,No,No,No,Yes,8879972402
CHANDA,19.019543,72.838231,Chandavarkar Road   ,"309, Chandawarkar Marg, Dadar West, Matunga, Omkar Society, Dadar West, Dadar, Mumbai, Maharashtra 400019",400019,Mumbai,BARB0CHANDA,400012046,Yes,Yes,No,Yes,Yes,Yes,2224141699
CHANER,18.4192389,73.0209494,Chanere    ,"Sinkar House, PO - Chanere, Tal - Roha",402109,Raigadh,BARB0CHANER,402012501,Yes,No,No,No,No,No,2194254042
CHEBOM,19.053158,72.914659,Govandi    ,"Ground Floor, Sri Ram Arcade, Opp. Post Office, Govandi East, Deonar, Chembur East, Mumbai, Maharashtra 400088",400088,Mumbai,BARB0CHEBOM,400012061,Yes,No,No,Yes,No,No,2225581108
CHEMBU,19.11501,72.902325,Chembur    ,"S T, Rd Number 2, Sindhi Society, Chembur East, Mumbai, Maharashtra 400071",400071,Mumbai,BARB0CHEMBU,400012017,Yes,Yes,No,No,Yes,No,8879970619
CHEMIO,19.064248,72.9130611,Indian Oil Nagar  ,"Shop No 1 - 8, Rubin Building, Premsagar CHS, Indian Oil Nagar, Chembur West",400071,Mumbai,BARB0CHEMIO,400012169,Yes,Yes,No,No,Yes,No,2225550053
CMSCOH,18.931549,72.834061,CMS    ,"4th Floor, MMO Building, PB - 347, 10/12, Samachar Mg Fort",400001,Mumbai,BARB0CMSCOH,NULL,Yes,No,No,No,No,No,2240468405
COLABA,18.923198,72.831533,Colaba    ,"Esparanca Building, Shahid Bhagatsing Marg",400039,Mumbai,BARB0COLABA,400012020,Yes,Yes,No,Yes,Yes,No,2222838336
CRAWFO,18.9526835,72.8343942,Crawforoad Market   ,"Dada Manzil, Ground Floor, 67-69, Mohammed Ali Road,Crawford Market,Mumbai,Maharashtra-400003 ",400003,Mumbai,BARB0CRAWFO,400012021,Yes,Yes,No,Yes,Yes,Yes,8879972419
DAHISA,19.250828,72.858838,Dahisar    ,"Sharda Niwas, L.T. Road, Dahisar West, Mhatre Wadi, Dahisar West, Mumbai, Maharashtra 400068",400068,Mumbai,BARB0DAHISA,400012024,Yes,Yes,No,No,Yes,No,2228933022
DOMBIV,19.2160074,73.089973,Dombivli(E)    ,"Apurva Apptt 1st Floor, Manpada Rd Dombivali - E",421201,Mumbai,BARB0DOMBIV,400012075,Yes,Yes,No,Yes,Yes,No,2512448970
DOMWES,19.21911428,73.08379088,Dombivli(W)    ,"Suderbhai Hall Compound, Nr. Vivekananda School, Dindayal Cross Road, Shashrti Nagar, Dombivali, Mumbai, Pin- 421202",421202,Thane,BARB0DOMWES,400012107,Yes,No,No,Yes,No,No,2512488158
FLOVAL,19.2073167,72.9722336,Flower Valley   ,"2 G04, Flower Valley, Complex, Eastern Express Highway,Thane West,Thane,Maharastra-400601",400601,Thane,BARB0FLOVAL,400012151,Yes,No,No,No,No,No,2225477882
FORTAP,18.9303364,72.8324882,Mumbai Main Office  ,"10/12, Mumbai Samachar Marg Fort, Mumbai",400001,Mumbai,BARB0FORTAP,400012082,Yes,Yes,No,No,No,Yes,2222048649
FORTUN,18.9288362,72.8318535,Fort University   ,"119, Mahatma Gandhi, Marg, Mumbai",400023,Mumbai,BARB0FORTUN,400012025,Yes,Yes,No,Yes,No,Yes,NA
GHAWES,19.08908,72.902409,LBS Marg   ,"Krishna Baug, Maneklal Estate, Andheri-Ghatkopar Road, Ghatkopar West, Mumbai, Maharashtra 400086",400086,Mumbai,BARB0GHAWES,400012183,Yes,Yes,No,No,Yes,No,2225150107
GHODBA,19.2543323,72.9731744,Vijaynagri    ,"Green Acres, Ph - 1, Shop, No 13 - 18, Near Vijaynagar",400601,Mumbai,BARB0GHODBA,400012146,Yes,Yes,No,No,Yes,No,2225975602
GOREAS,19.1644744,72.8532166,Goregaon East   ,"48, Shiv Shakti, Jp Nagar Goregaon(E)",400063,Mumbai,BARB0GOREAS,400012028,Yes,Yes,No,Yes,Yes,Yes,2226860054
HARKNE,18.94895805,72.79865731,Malabar Hill   ,"37 - B, Dolat Niketan, Ridge Road, Malabar Hill",400006,Mumbai,BARB0HARKNE,400012033,Yes,Yes,No,No,Yes,No,2223672717
INTMUM,19.198731,72.848659,BFS Kandivli West  ,"Matru Ashish, S V Road, Kandivli West",400067,Mumbai,BARB0INTMUM,400012098,Yes,Yes,No,Yes,No,Yes,2228621460
JACOBC,18.979857,72.827602,Jacob Circle   ,"National House, 608, Bapurao Jagtap Marg",400011,Mumbai,BARB0JACOBC,400012092,Yes,Yes,No,Yes,Yes,No,2223073523
KALINA,19.0788288,72.8669031,Kalina    ,"Arvind Nagar, Kalina - Kurla Road",400029,Mumbai,BARB0KALINA,400012035,Yes,Yes,No,Yes,Yes,Yes,2226661447
KALWA,19.1957785,72.9921436,Kalwa West   ,"Chandrakanta Towers, Chs Station Road, Kalw",400605,Thane,BARB0KALWAX,400012149,Yes,No,No,No,No,No,2225452429
KANDIV,19.1989659,72.8484372,PFS Kandivali West  ,"87, Hem Nivas, Sv Road, Kandivalli(West)",400067,Mumbai,BARB0KANDIV,400012036,Yes,Yes,No,Yes,Yes,No,2228050291
KANJUR,19.1279021,72.9255705,Kanjurmarg    ,"Wing No 2, Unit No 2 A, Hanuman Silk Mills Com",400078,Mumbai,BARB0KANJUR,400012174,Yes,No,No,No,No,No,2225777020
KHANDB,18.95137914,72.83707961,Khand Bazar   ,129 - 131 Kazi Sayed Street Khand Bazar,400003,Mumbai,BARB0KHANDB,400012037,Yes,Yes,No,Yes,Yes,Yes,2223420181
KHETWA,18.958911,72.821374,Khetwadi    ,"Nanubhai Desai Rd, Grant Road Area, Khetwadi, Grant Road, Mumbai, Maharashtra 400004",400004,Mumbai,BARB0KHETWA,400012040,Yes,Yes,No,Yes,Yes,No,2223823161
KONGAO,19.24671798,73.10623895,Kongaon    ,"Patil Wada, Near Thana Jilha Sahakari Bank, Kongaon, Bhiwandi, Thane, Pin-421311",421311,Thane,BARB0KONGAO,400012503,Yes,No,No,No,No,No,NA
LALBAU,18.99659148,72.83747625,Lalbaug    ,"Shop No.4, 5, 6, Bayside Arcade,Dr.Babasaheb Ambedkar Road, Parel,Lalbaug, Mumbai 400012",400012,Mumbai,BARB0LALBAU,400012186,Yes,Yes,No,No,Yes,No,2224103953
LAXULH,19.234464,73.161204,Ulhasnagar Sec3   ,"Shop No. 1, 2 and 3, Grnd F, Laxmi Villa, Resort Ka",421003,Thane,BARB0LAXULH,400012185,Yes,No,No,No,No,No,NA
LOKHAN,19.140373,72.827129,Lokhandwala Complex   ,"Lokhandwala Complex,  Royal Accord IV Ground and 1St Floor,120 Feet Road, Near Swami Samarth Circle Balasah,Andheri(W),Mumbai,Maharashtra",400053,Mumbai,BARB0LOKHAN,400012121,Yes,Yes,No,No,Yes,No,2226325400
MAJIWA,19.221767,72.978067,Majiwada    ,"Shrushti Pride, Prasan Bldg, Ram Maruti Road,Thane West, Kailash Nagar, Thane West, Thane, Maharashtra 400607",400607,Thane,BARB0MAJIWA,400012077,Yes,No,No,Yes,No,No,2225894286
MALAD,19.184672,72.846401,Malad    ,"Shanti Nagar Shopping Center B, Swami Vivekanand Road, Near Metro Shoes, Malad West, Navy Colony, Mamledarwadi, Malad West, Mumbai, Maharashtra 400064",400064,Mumbai,BARB0MALADX,400012042,Yes,Yes,No,Yes,Yes,No,NULL
MALKAN,19.19187452,72.83458181,Malad Kandivali Link Road ,"Malad Kandivali Link Road, Plot No. 8, Basement and Ground Floor, Padma Nagar, Link Road, Mit Chowki, Malad West, Mumbai-400065",400064,Mumbai,BARB0MALKAN,400012177,Yes,Yes,No,No,Yes,No,2228891465
MANGAO,18.2351779,73.2820995,Mangaon    ,"Sable Nivas, Morba Rd, Op Civil Hos, Mangaon",402104,Raigadh,BARB0MANGAO,402012506,Yes,No,No,No,No,No,2140262302
MANPAD,19.203693,73.0954432,Manpada Road   ,"Aai Bungalow, Near Star, Colony, Manpada Road",421201,Thane,BARB0MANPAD,400012167,Yes,No,No,No,Yes,No,2512874829
MARINE,18.940284,72.824389,Marine Drive   ,"71, Girikunj, Netaji Subhash Chandra Bose Rd, Churchgate, Mumbai, Maharashtra 400020",400020,Mumbai,BARB0MARINE,400012045,Yes,Yes,No,Yes,Yes,No,NULL
MASOLI,19.9905068,72.7403198,Dahanu Road   ,"Fatema Building,Main Road,Dahanu Road,Thane,Maharashtra. Pin-401602",401602,Thane,BARB0MASOLI,400012103,Yes,Yes,No,No,Yes,No,NULL
MCJOGE,19.138842,72.845126,Oshiwara Link Road  ,"Faizan Co-Operative Housing Society, Swami Vivekanand Rd, Collectors colony, Momin Nagar, Jogeshwari West, Mumbai, Maharashtra 400102",400102,Mumbai,BARB0MCJOGE,400012155,Yes,Yes,No,No,Yes,No,2226799459
MCKAUS,19.1691103,73.0251358,Mumbra    ,"Mckaus, 5 & 6, Dost Apartment, Old Mumbai, Pune Road,Kausa, Kausa, Mumbra, Thane, Maharashtra 400612",400612,Mumbai,BARB0MCKAUS,400012161,Yes,Yes,No,No,Yes,No,2225351131
MCPALI,19.060594,72.82973,Pali Road   ,"Ground floor, Kakad Apartments, Dr BR Ambedkar Rd, Bandra West, Mumbai, Maharashtra 400050",400050,Mumbai,BARB0MCPALI,400012158,Yes,Yes,No,No,Yes,No,2226401672
MCSEWR,18.99854,72.851401,Sewree    ,"Shop No:13,Regal Industrial Estate,Sewri(w), Acharya Donde Marg, Shivaji Nagar, Parel, Mumbai, Maharashtra 400015",400015,Mumbai,BARB0MCSEWR,400012164,Yes,No,No,No,No,No,2224106256
MIDBDR,19.059658,72.836409,Midcorporate Mumbai   ,"6 Meghdoot Building, Junction Of Linking and Turner Road, Linking Road, Bandra West, Bandra West, Mumbai, Maharashtra 400050",400050,Mumbai,BARB0MIDBDR,400012192,Yes,Yes,No,No,No,Yes,2226453677
MIDBOM,18.9250849,72.8232214,Mid Corporate   ,"105 10th Floor Market, Chember Nariman Point",400020,Mumbai,BARB0MIDBOM,400012193,Yes,Yes,No,No,No,Yes,2222048388
MIRARO,19.2845009,72.8625438,Mira Road   ,"1st Floor, Lord Plaza, Near Rassaz Multiplex, Next To Evershine Enclave, Mira Road (E), Thane - 401 107 ",401107,Thane,BARB0MIRARO,400012119,Yes,Yes,No,Yes,Yes,No,NA
MIRBHA,19.2880203,72.8681666,Mira Bhayander Road  ,"100 Feet Wide Kanakia, Ritu Horizon Building",401107,Thane,BARB0MIRBHA,400012197,Yes,Yes,No,No,Yes,No,NA
MULEAS,19.1716191,72.962067,Mulund East   ,"Vasudev Balwant Phadke Rd, Gurupushyamrut Society, Gavanpada, Mahakali Nagar, Mulund East, Mumbai, Maharashtra 400081",400081,Mumbai,BARB0MULEAS,400012147,Yes,Yes,No,No,Yes,No,2221632587
MULWES,19.168125,72.939503,LBS Road Mulund (West) ,"554 D , LBS Road, FriendS School Building , Mulund(W) , Mumbai - 400080",400080,Mumbai,BARB0MULWES,400012178,Yes,No,No,No,No,No,2225645557
NALASO,19.4183615,72.8019316,Nalasopara(West)    ,"House No 41 Samel Pada, Nallasopara(West)",401209,Thane,BARB0NALASO,400012124,Yes,No,No,No,No,No,2502404891
NERAL,19.023822,73.315775,Neral    ,"Survey No 290/ 1B, Juna Bazar Peth, Kumbh",410101,Mumbai,BARB0NERALX,400012175,Yes,No,No,No,No,No,2148236711
NEWPAN,19.009278,73.112079,Newpanvel    ,"Shreeji Sangh Building, Citi Park Road, Sector 7, Khanda Colony, Greater Khanda, Sector 7, Khanda Colony, Greater Khanda, Navi Mumbai, Maharashtra 410206",410206,Raigadh,BARB0NEWPAN,400012181,Yes,No,No,No,No,No,2227465415
OPERAH,18.9567737,72.8154244,Opera House   ,"Modi Chambers Near Frnch Brdg, Pt Pulaskar Chowk",400004,Mumbai,BARB0OPERAH,400012052,Yes,Yes,No,Yes,Yes,Yes,2223888701
PALTHA,19.6962659,72.7694338,Palghar    ,"Mahim Rd, Vishnu Nagar, Palghar, Maharashtra 401404",401404,Thane,BARB0PALTHA,400012190,Yes,No,No,No,No,No,NA
PBBMUM,18.9314953,72.8341465,Horniman Circle   ,"10/12, Mumbai Samachar, Marg Mumbai",400023,Mumbai,BARB0PBBMUM,400012111,Yes,Yes,No,Yes,Yes,No,NA
POINSU,19.244799,72.8523771,Mount Poinsur   ,"Ic Church Compound, Ic Colony Borivali(W)",400103,Mumbai,BARB0POINSU,400012089,Yes,No,No,Yes,No,No,NULL
POKHAR,19.21639982,72.97248524,Pokhran Road   ,"Shop No. 15 A, B, C, Swastik Garden, Subhash Nagar, Pokharan Road No. 2, Thane, Maharashtra, Pin- 400601",400601,Thane,BARB0POKHAR,400012202,Yes,No,No,No,Yes,No,022-1731362
POWBOM,19.1187221,72.91321613,Powai    ,"Alfa, Ground Floor, hiranandani Park,Powai, Sainath Nagar, Powai, Mumbai, Maharashtra 400076",400076,Mumbai,BARB0POWBOM,400012091,Yes,Yes,No,Yes,Yes,No,2225705736
SAIULH,19.2000896,73.1689153,Ulhasnagar Sector5   ,"Sai Plaza, Opposite Bhagwandas Hospital,Old Bus Depot,Ulhasnagar Sector V,Thane ,Mumbai,Maharastra-421005",421005,Mumbai,BARB0SAIULH,400012150,Yes,No,No,No,No,No,2512536036
SARALG,19.286052,73.490733,Saralgaon    ,"Ahmednagar-Kalyan Rd, Saralgaon, Maharashtra 421401",421401,Thane,BARB0SARALG,400012501,Yes,No,No,No,No,No,2524240122
SERBOM,18.93159,72.833993,City Back Office  ,"12/NO, Mumbai Samachar Marg, Kala Ghoda, Fort, Mumbai, Maharashtra 400001",400032,Mumbai,BARB0SERBOM,400012001,Yes,No,No,No,No,No,2249144805
SHIBOM,19.028805,72.841211,Shivaji Park   ,"Shivaji Park, Mahim West, Dadar, Mumbai, Maharashtra 400016",400016,Mumbai,BARB0SHIBOM,400012060,Yes,Yes,No,Yes,Yes,No,NA
SHIHU,18.58843,73.092526,Shihu    ,"BN-87, Nagothane Pezari Rd, Shihu, Maharashtra 402125",402107,Raigadh,BARB0SHIHUX,402012504,Yes,No,No,No,No,No,NA
SION,19.044853,72.863756,Sion    ,"Plot No. 36, Sion - Kurla Rd, Sion House, Sion (West), Sindhi Colony, Sion, Mumbai, Maharashtra 400022",400022,Mumbai,BARB0SIONXX,400012062,Yes,Yes,No,Yes,Yes,No,2224075052
SIRPMR,18.934367,72.834012,Sir Pm Road  ,"Laxmi Insurance Building, Ground Floor, Sir P. Mehta Road, Borabazar Precinct, Ballard Estate, Fort, Mumbai, Maharashtra 400001",400001,Mumbai,BARB0SIRPMR,400012063,Yes,Yes,No,Yes,Yes,Yes,NA
SUNGOR,19.1765412,72.8455692,Sundernagar    ,"Sunder Nagar, Malad West, Mumbai, Maharashtra 400064",400064,Mumbai,BARB0SUNGOR,400012144,Yes,No,No,No,No,No,2228710913
TARDEO,18.9697724,72.8151743,Tardeo    ,"Everest Building, D.J. Dadaji Road, Tardeo, Mumbai, Maharashtra, Pin- 400034",400034,Mumbai,BARB0TARDEO,400012064,Yes,No,No,Yes,No,No,2223521585
THAEAS,19.184698,72.97441,Thane East   ,"Ratan House, Pai Road, Kopri Colony, Thana East, Maharashtra, Pin- 400603",400603,Thane,BARB0THAEAS,400012078,Yes,Yes,No,Yes,Yes,No,2225320806
THAKUR,18.9504501,72.8238728,Thakurdwar    ,"Nana Shankarseth, JSS Road Chitra Bazar",400002,Mumbai,BARB0THAKUR,400012065,Yes,Yes,No,Yes,Yes,No,NA
THALBS,19.20313,72.976457,Utalsar Naka   ,"Pushpamangal Complex, Kolaba Naka, Near Bharat Petrol Pump, Lal Bahadur Shastri Marg, Uthalsar, Thane West, Thane, Maharashtra 400602",400601,Mumbai,BARB0THALBS,400012133,Yes,No,No,No,No,No,2225472533
THAVIL,19.2102959,72.8742569,Thakur Village   ,"Shop No. 24, Vasant Sagar Krishna Building, Thakur Village, Kandivali East, Mumbai, Maharashtra 400101",400101,Mumbai,BARB0THAVIL,400012120,Yes,No,No,Yes,No,No,NA
TITWAL,19.2962726,73.2058738,Manda Titwala   ,"Shri Ramplaza,Ganesh Mandir Road, Santosh Agnihotri Society, Titwala, Maharashtra 421605",421605,Thane,BARB0TITWAL,400012148,Yes,Yes,No,No,Yes,No,2512381960
URAN,18.875919,72.9397163,Uran    ,"Shop No- 5,6,7 and 11, New Sai Niwas Chs, Anand Nagar, Uran, Raigad, Maharashtra, Pin-400702",400702,Raigadh,BARB0URANXX,400012182,Yes,No,No,No,No,No,2227221900
VANGAN,19.097477,73.3020004,Vangani    ,"Jijal Niwas, Samarth Market, Near Water Tank, Pashane Road, Vangani (W), Thane, Pin-421503",421503,Thane,BARB0VANGAN,400012198,Yes,No,No,No,No,No,2512660992
VEEBOM,19.181613,72.94644,Veenanager    ,"B - 13 Shri Krishna Dham, Lal Bahadur Shastri Marg, Veena Nagar Phase-II, Mulund West, Mumbai, Maharashtra 400082",400080,Mumbai,BARB0VEEBOM,400012086,Yes,No,No,Yes,No,No,2221644131
VIKHRO,19.116522,72.925899,Vikhroli    ,"Near Hill View Towers Society, Lal Bahadur Shastri Marg, Surya Nagar, Chandan Nagar, Vikhroli West, Mumbai, Maharashtra 400079",400083,Mumbai,BARB0VIKHRO,400012201,Yes,No,No,No,No,No,2225788569
VIRARW,19.457962,72.807789,Virar(West)    ,"G-5, Ground Floor Suyash Building, Viva College Road, Vartak Ward, Virar West, Virar, Maharashtra 401303",401303,Thane,BARB0VIRARW,400012127,Yes,Yes,No,No,Yes,No,2502512397
VPROAD,18.9564,72.82452,VP Road Mumbai  ,"136, Vithalbhai Patel Marg, Khetwadi, Girgaon, Mumbai, Maharashtra 400004",400004,Mumbai,BARB0VPROAD,400012069,Yes,Yes,No,Yes,Yes,No,NA
WADALA,19.01583,72.857985,Wadala    ,"Plot No.215, Mayur Villa, Rafi Ahmed Kidwali Road, Azad Nagar, Wadala, Mumbai, Maharashtra 400031",400031,Mumbai,BARB0WADALA,400012070,Yes,Yes,No,Yes,Yes,No,8879970664
WADHAV,18.7610683,73.0326436,Wadhav    ,"At PO Wadhav, Tal Pen, Raigadh",402107,Raigadh,BARB0WADHAV,402012508,Yes,No,No,No,No,No,NA
WADKHA,18.7121787,73.0535858,Wadkhal    ,"Mahadeo Niwas, Mumbai Goa Highway, Vadkhal,Raigad, Maharashtra, Pin-402107",402107,Raigadh,BARB0WADKHA,402012503,Yes,No,No,No,No,No,2143269063
WAHAL,18.9747439,73.0351472,Wahal    ,"At Post Wahal, Tal Panv, El, District Raigad, Wahal",410206,Raigadh,BARB0WAHALX,400012502,Yes,No,No,No,No,No,NA
WALKES,18.951826,72.804392,Walkeshwar    ,"59, MBBS Trust Building, Walkeshwar Rd, Walkeshwar, Malabar Hill, Mumbai, Maharashtra 400006",400006,Mumbai,BARB0WALKES,400012071,Yes,Yes,No,Yes,Yes,No,2223612625
WORLI,19.012017,72.821459,Worli    ,"135, Ground Floor, Vasavi Chambers, Doctor Annie Besant Road, Opp. Allahabad Bank, CDC Building, Municipal Colony, Worli Shivaji Nagar, Worli, Mumbai, Maharashtra 400030",400018,Mumbai,BARB0WORLIX,400012072,Yes,Yes,No,Yes,Yes,Yes,2224216096
ZAVERI,18.950714,72.831467,Zaveri Bazar   ,"122, Sheikh Memon Street, Trishla Building, Zaveri Bazar, Chippi Chawl, Kalbadevi, Mumbai, Maharashtra 400002",400002,Mumbai,BARB0ZAVERI,400012073,Yes,Yes,No,Yes,Yes,Yes,2243407404
