Customer Id,First Name,Middle Name,Last Name,Gender,Date Of Birth,Guardian Name,Line Address 1,Line Address 2,Line Address 3,PIN,City,State,NATIONALITY,Occupation,Annual Total Income,Staffflag,Aadhar card,Pan Card,Mobile number,Land line number ,Induction Date,Mobile Banking status,Internet banking Status,SMS Banking,Address proof Flag,Address proof document,Behaviour Risk Score
435723112,Amil,Parvatinandan,Amarnath,M,4/23/1967,,A 502 DIAMOND TOWER MILAN PARKCOMPLEX,TIRUPATI NAGAR PHASE II VIRAR WEST,,401303,THANE,MH,INDIAN,SERVI,636007,Y,124536987225,ABCDE1234A,9845612356,224569877,12/24/2005,N,Y,Y,Y,N,234
436724113,Aloke,Ashok,Bipen,M,4/1/1974,,FLAT NO 202 2ND FLOOR LAL MAHAL CO OP HSG SOC,LTD THANE EAST,,400603,THANE,MH,INDIAN,SERVI,636008,Y,124536987225,FGHIJ1235B,9845612356,224569878,12/24/2005,Y,Y,Y,Y,Y,409
437725114,Nirijhar,Abhijaya,Bonjani,M,2/1/1957,,A 18  MANSAROVAR COLONY,VAISHALI NAGAR,,305001,AJMER,RJ,INDIAN,PSBNK,636010,Y,064536987225,JKASD1236C,9845612356,224569879,6/24/2006,N,Y,Y,Y,N,517
438726115,Pragyawati,Pramiti,Buchar,F,6/5/1962,,"AT SANSARI VILLAGE,POST-DEOLALI CAMP","MUNJABA CHOWK, H. NO. 85,TAL/DIST NASIK,",,422401,DEOLA,MH,INDIAN,SERVI,620002,Y,064536987225,SDFEF1237D,9845612356,224569880,6/24/2006,N,Y,Y,Y,N,311
439727116,Manju,Godavari,Chandar,F,8/13/1974,,H NO 45 SHOBHA NIWAS GALI NO 1 BALDEV NAGAR,MAKARWALI ROAD AJMER,,305001,AJMER,RJ,INDIAN,BUSIN,431001,N,074536987225,SDFGV1238A,9845612356,224569881,7/22/2006,N,Y,Y,N,N,275
440728117,Sarang,Shantashil,Chengelpet,M,6/2/1958,,520  HBU NAGAR EXTENSION,PUSHKAR ROAD,,305001,AJMER,RJ,INDIAN,PSBNK,425001,Y,074536987225,FDGDA1239B,9845612356,224569882,7/22/2006,N,Y,Y,Y,N,716
441729118,Sharan,Pran,Chinnakannan,M,6/3/1958,,MANGAL BLDG  PRASHANT NAGAR,NAUPADA THANE,,400602,THANE,MH,INDIAN,PSBNK,425001,Y,074536987225,FGFSAS1240C,9845612356,224569883,7/15/2006,N,Y,Y,Y,N,567
442730119,Niket,Sitikantha,Choudhari,M,3/1/1953,,164  LIC COLONY AJMER,AJMER,,305001,AJMER,RJ,INDIAN,SERVI,322201,Y,074536987225,KDJFG1241D,9845612356,224569884,7/22/2006,N,Y,Y,Y,N,428
443731120,Abhinava,Ranganath,Chudasama,M,7/5/1957,,603 604 D WING SAMRIDDHI APARMENT POONAM,GARDEN MEERA BHAINDER ROAD  THANE,,400066,THANE,MH,INDIAN,PSBNK,263139,Y,084536987225,KFOFD1242A,9845612356,224569885,8/12/2006,N,Y,Y,Y,N,632
444732121,Devabrata,Supriya,Dharuna,M,5/31/1954,,BANK OF BARODA,M C ROAD CHENGANNUR,,689121,CHENG,KE,INDIAN,PSBNK,263139,Y,094536987225,DFADS1243B,9845612356,224569886,9/2/2006,N,Y,Y,Y,N,431
445733122,Azzam,Shvetank,Dharuna,M,1/1/1957,,AMRIK SINGH BUILDING,KHALINI,,171005,SHIML,HP,INDIAN,SERVI,370001,Y,094536987225,ABCDE1244A,9845612356,224569887,9/9/2006,N,Y,Y,Y,N,424
446734123,Nischal,Sankara,Dhrtiman,M,5/9/1958,,PLOT NO 1677/2 HAASH,SECTOR 5 C GANDHINAGAR,,382005,GANNA,GJ,INDIAN,PGEM,370001,Y,094536987225,FGHIJ1245B,9845612356,224569888,9/16/2006,N,Y,Y,Y,N,568
447735124,Kokila,Shreemayi,Dinkerrai,F,7/3/1960,,VIBHASA    MANDOLA TEMPLE ROAD,CHOODIKOTTA   AZHIYUR    VATAKARA,,673309,CALIC,KE,INDIAN,PSBNK,734006,Y,114536987225,JKASD1246C,9845612356,224569889,11/4/2006,N,Y,Y,Y,N,378
448736125,Chandrakanta,Vishwanath,Diwan,M,1/14/1977,,FLAT NO 102 BALAJI AVENUE 18 1 747,BHAVANI NAGAR TIRUPATI,,517501,TIRUP,AP,INDIAN,SERVI,713325,Y,124536987225,SDFEF1247D,9845612356,224569890,12/2/2006,N,Y,Y,Y,N,558
449737126,Shanti,Rajalakshmi,Duvvoori,F,1/5/1975,,QTR NO 16 BANK COLONY NEAR MERCHANT COLONY,MITHPUR DIST JAMNAGAR,,361345,MITHA,GJ,INDIAN,SERVI,530046,Y,124536987225,SDFGV1248A,9845612356,224569891,12/9/2006,N,Y,Y,Y,N,570
450738127,Vijanyendra,Muralimanohar,Edulbehram,M,11/25/1968,,B2 6TH BLOCK HAPPY WINDOWS 49 MANGADU RAOD,AR NAGAR CTA GARDEN KATTUPAKKAM,,600056,TIRU,TN,INDIAN,SERVI,530016,N,124536987225,FDGDA1249B,9845612356,224569892,12/9/2006,N,Y,Y,N,N,438
451739128,Lankesh,Purnanada,Engineer,M,4/17/1964,,BJ92 SALTLAKE CITY,KOLKATA,,700091,NORTH,WB,INDIAN,PSBNK,673016,Y,124536987225,FGFSAS1250C,9845612356,224569893,12/16/2006,N,Y,Y,Y,N,695
452740129,Pavak,Dharmendu,Eswarapu,M,8/9/1967,,146 G BLOCK SRI GANGA NAGAR,SRI GANGA NAGAR,,335001,SRIGA,RJ,INDIAN,BUSIN,396195,N,124536987225,KDJFG1251D,9845612356,224569894,12/23/2006,N,Y,Y,N,N,784
453741130,Sajni,Shuchita,Gala,F,11/2/1960,,598 VINOBA BASTI,SRIGANGANAGAR,,335001,SRIGA,RJ,INDIAN,SERVI,124001,Y,124536987225,KFOFD1252A,9845612356,224569895,12/23/2006,N,Y,Y,Y,N,564
454742131,Rupesh,Shanmukha,Garikapaty,M,1/8/1959,,O NO 82  N NO.95 WEST STREET,KOMARASAMYPATTI,,636007,SALEM,TN,INDIAN,PSBNK,124001,Y,014536987225,DFADS1253B,9845612356,224569896,1/6/2007,N,Y,Y,Y,N,547
455743132,Anamika,Parama,Ghouse,F,5/5/1960,,252 A BATCHA ROAD ANNA NAGAR,KANNANKURICI SALEM,,636008,SALEM,TN,INDIAN,PSBNK,180004,Y,014536987225,ABCDE1254A,9845612356,224569897,1/6/2007,N,Y,Y,Y,N,450
456744133,Haresh,KaMsh,Gidh,M,5/15/1976,,1 546 UTHIRAPPAN NAGAR MANIYANOOR PO,SALEM 10,,636010,SALEM,TN,INDIAN,SERVI,673001,Y,014536987225,FGHIJ1255B,9845612356,224569898,1/6/2007,N,Y,Y,Y,N,722
457745134,Preyasi,Gautami,Gopalakrishnan,F,6/26/1961,,UDV HIGHER SEC SCHOOL,TRICHY,,620002,TIRUC,TN,INDIAN,TEACH,484220,N,014536987225,JKASD1256C,9845612356,224569899,1/6/2007,N,Y,Y,N,N,354
458746135,Kana,Gandhali,Gopalan,F,6/10/1965,,KRUSHNA VIMAL B 7  SARA PRIDE,RANJITNAGAR  AURANGABAD,,431001,AURAN,MH,INDIAN,SERVI,431203,Y,014536987225,SDFEF1257D,9845612356,224569900,1/13/2007,N,Y,Y,Y,N,560
459747136,Vandan,Shahid,Gundugollu,M,3/19/1958,,FLAT NO 10 GANESH APARTMENT,PLOT-3 DATTA COLONY  SHAHU NAGAR,,425001,JALGA,MH,INDIAN,SERVI,680011,Y,014536987225,SDFGV1258A,9845612356,224569901,1/13/2007,N,Y,Y,Y,N,722
460748137,Sarthak,Jnyaneshwar,Gundugollu,M,6/1/1965,,"PLOT NO. 17/2, GAT NO.20/3,NIVRUTTI NAGAR,",JALGAON,,425001,JALGA,MH,INDIAN,SERVI,396105,Y,014536987225,FDGDA1259B,9845612356,224569902,1/13/2007,N,Y,Y,Y,N,698
461749138,Apurva,Saket,Harku,M,10/13/1957,,"BEHIND GOVT. HOSPITAL, CHULI GATE",GANGAPUR CITY,,322201,GANGA,RJ,INDIAN,RETD,388610,Y,014536987225,FGFSAS1260C,9845612356,224569903,1/20/2007,N,Y,Y,Y,N,726
462750139,Sarvesh,Abjayoni,Hinduja,M,7/12/1955,,EKTA VIHAR PHASE II GAS GODAH ROAD,KUSUMKHERA HALDWANI DIST NAINITAL UTTARAKHAND,,263139,HALDW,UL,INDIAN,PSBNK,577001,Y,014536987225,KDJFG1261D,9845612356,224569904,1/20/2007,N,Y,Y,Y,N,380
463751140,Amolik,Payas,Jana,M,8/7/1970,,JAGDAMBA HEART CARE CENTRE KALADHUNGI RD,HLD HALDWANI,,263139,HALDW,UL,INDIAN,DR,313002,N,014536987225,KFOFD1262A,9845612356,224569905,1/20/2007,N,Y,Y,N,N,304
464752141,Anmol,Pallab,Kadamuddi,M,8/12/1970,,14 B SANSKARNAGAR,LIMDA ROAD  BHUJ,,370001,BHUJJ,GJ,INDIAN,SERVI,533234,Y,014536987225,DFADS1263B,9845612356,224569906,1/27/2007,N,Y,Y,Y,N,682
465753142,Mohit,Ramchandra,Kaith,M,10/10/1969,,JEEVANDEEP HOSPITAL FIRST FLOOR,NEW HOSPITAL ROAD VIJAY NAGAR,,370001,BHUJJ,GJ,INDIAN,DR,802152,N,014536987225,ABCDE1264A,9845612356,224569907,1/27/2007,N,Y,Y,N,N,598
466754143,Sharad,Pinak,Kalpak,M,5/4/1959,,150  SURYASEN STREET  SURYANAGAR  SILIGURI,SILIGURI,,734006,SILLI,WB,INDIAN,PSBNK,327602,Y,024536987225,FGHIJ1265B,9845612356,224569908,2/3/2007,N,Y,Y,Y,N,240
467755144,Ghoda,Ulhas,Kampan,M,12/22/1958,,SRI NIKETAN   LOWER CHHINNAMASTA,POST RADHANAGAR ROAD   VIA BURNPUR BURDWAN,,713325,ASANS,WB,INDIAN,SERVI,327602,Y,024536987225,JKASD1266C,9845612356,224569909,2/10/2007,N,Y,Y,Y,N,280
468756145,Saket,Vithala,Keshaw,M,6/24/1968,,FLAT NO 529 BLOCK C ABHIRAM BLUE HEAVENS,GALLAVANIPALEM AGANAMPUDI,,530046,VISHA,AP,INDIAN,SERVI,246731,N,024536987225,SDFEF1267D,9845612356,224569910,2/10/2007,N,Y,Y,N,N,361
469757146,Devyani,Shravani,Khilnani,F,5/25/1963,,49 47 10 10 FLAT NO 201 KAMAL ARCADE,SANTHIPURAM  VSP,,530016,VISHA,AP,INDIAN,SERVI,424201,Y,024536987225,SDFGV1268A,9845612356,224569911,2/10/2007,N,Y,Y,Y,N,392
470758147,Swagat,Shailendra,Kishen,M,11/30/1955,,INDUKALA THONDAYAD  HOUSE NO 28 2705,CALICUT,,673016,CALIC,KE,INDIAN,SERVI,305924,Y,034536987225,FDGDA1269B,9845612356,224569912,3/3/2007,N,Y,Y,Y,N,361
471759148,Vasu,Samir,Kitu,M,5/5/1953,,ASHISH  PLOT NO 602/2/H-2  CHANOD,GIDC  COLONY  VAPI,,396195,VAPI,GJ,INDIAN,DR,122001,N,034536987225,FGFSAS1270C,9845612356,224569913,3/3/2007,N,Y,Y,N,N,254
472760149,Amoha,Animish,Kodali,M,10/28/1965,,HOUSE NO 98 WARD 26,JAWAHAR NAGAR ROHTAK,,124001,ROHTA,HR,INDIAN,SERVI,131001,Y,034536987225,KDJFG1271D,9845612356,224569914,3/17/2007,N,Y,Y,Y,N,411
473761150,Sumeet,Jayashekhar,Koritala,M,5/27/1964,,H NO 1302  SECTOR 2  ROHTAK,ROHTAK,,124001,ROHTA,HR,INDIAN,SERVI,322230,Y,034536987225,KFOFD1272A,9845612356,224569915,3/17/2007,N,Y,Y,Y,N,353
474762151,Katyayani,Kalpana,Kutumbaka,F,10/20/1958,,C/O BANK OF BARODA GANDHI NAGARJAMMU,JAMMU,,180004,JAMMU,JK,INDIAN,SERVI,313001,Y,094536987225,DFADS1273B,9845612356,224569916,9/15/2007,N,Y,Y,Y,N,333
475763152,Samarendu,Muhamad,Laddha,M,4/12/1962,,FLAT NO B 2    II ND FLOOR   MALABAR CASTLE,UKS ROAD NR MAVOOR ROAD    CALICUT,,673001,CALIC,KE,INDIAN,SERVI,201010,Y,104536987225,ABCDE1274A,9845612356,224569917,10/20/2007,N,Y,Y,Y,N,571
476764153,Shyamala,Sananda,Lolaksi,F,6/14/1958,,NC 26 MPSEB COLONY CHACHAI,DIST ANUPPUR,,484220,CHACH,MP,INDIAN,SERVI,201014,N,114536987225,FGHIJ1275B,9845612356,224569918,11/3/2007,N,Y,Y,N,N,519
477765154,Ishan,Adikavi,Loy,M,11/10/1959,,PLOT NO 64 FLAT NO 1 GROUND FLOOR,ROYAL RESIDENCE AREF COLONY ASIF BAGH,,431203,AURAN,MH,INDIAN,PSBNK,695037,Y,114536987225,JKASD1276C,9845612356,224569919,11/17/2007,N,Y,Y,Y,N,563
478766155,Geeti,Bhagyalakshmi,Madduri,F,5/20/1958,,BANK OF BARODA,ALLEPPEY,,680011,ALLEP,KE,INDIAN,PSBNK,000001,Y,114536987225,SDFEF1277D,9845612356,224569920,11/17/2007,N,Y,Y,Y,N,290
479767156,Asgari,Shrigauri,Maiti,F,6/1/1962,,STAFF BOB BHILAD 396105 TA UMBERGAON,396105,,396105,BHILD,GJ,INDIAN,SERVI,516003,Y,114536987225,SDFGV1278A,9845612356,224569921,11/24/2007,Y,Y,Y,Y,Y,376
480768157,Vishnu,Anarghya,Manasa,M,7/7/1961,,E-317 GSECL COLONY,DHUVARAN,,388610,DHUVA,GJ,INDIAN,SERVI,695003,Y,124536987225,FDGDA1279B,9845612356,224569922,12/1/2007,N,Y,Y,Y,N,347
481769158,Vasanta,Nipa,Maninder,F,1/1/1976,,NO 32 D BLOCK GOPAL GOWDA EXTN,I CROSS,,577001,SHIMO,KA,INDIAN,BUSIN,431001,N,124536987225,FGFSAS1280C,9845612356,224569923,12/8/2007,N,Y,Y,N,N,557
482770159,Daman,Amber,Manjunath,M,10/2/1978,,4B AND 4C VARDHAMAN NAGAR,SECTOR 12 HIRAN MAGRI,,313002,UDAPU,RJ,INDIAN,SERVI,313001,Y,014536987225,KDJFG1281D,9845612356,224569924,1/12/2008,N,Y,Y,Y,N,556
483771160,Ganesh,Aalap,Manohari,M,3/20/1970,,S O  SUNDARA VARA PRASADA RAO 1 130,KACHERI STREET  CHELLURU,,533234,YEDIT,AP,INDIAN,AGRI,131001,N,024536987225,KFOFD1282A,9845612356,224569925,2/9/2008,Y,Y,Y,N,Y,628
484772161,Saquib,Arjun,Matta,M,1/15/1969,,VILL PHINGI TOLA  PO  BIHIYA,DIST ARRAH BIHAR,,802152,ARRAH,BH,INDIAN,SERVI,125042,Y,074536987225,DFADS1283B,9845612356,224569926,7/11/2009,N,Y,Y,Y,N,548
485773162,Sadguna,Chaitaly,Mohanty,F,5/5/1967,,VPO SAJJANGARH NR RAM MANDIR,TEH KUSHALGARH,,327602,BANSW,RJ,INDIAN,SERVI,140401,N,074536987225,ABCDE1284A,9845612356,224569927,7/25/2009,N,Y,Y,N,N,341
486774163,Kanwal,Karan,Mooljee,M,5/28/1977,,SAJJANGARH SAJJANGARH,SAJJANGARH,,327602,BANSW,RJ,INDIAN,STUDT,700115,N,074536987225,FGHIJ1285B,9845612356,224569928,7/25/2009,N,Y,Y,N,N,284
487775164,Salarjung,Shubhranshu,Mulla,M,7/1/1964,,BOB BASI KIRATPUR,BOB BASI KIRATPUR,,246731,BASIK,UP,INDIAN,SERVI,335051,Y,084536987225,JKASD1286C,9845612356,224569929,8/14/2009,N,Y,Y,Y,N,571
488776165,Sneha,Sudakshima,Murugan,F,6/1/1961,,"21/1 ASAVA NAGAR, PIMPRALA ROAD,",AT PO JALGAON 425001,,424201,JALGA,MH,INDIAN,SERVI,517501,Y,084536987225,SDFEF1287D,9845612356,224569930,8/22/2009,N,Y,Y,Y,N,747
489777166,Shrabana,Neeti,Muthukumar,F,7/15/1968,,BADIA MALATO KI BER BARDAI TODGARH,BARDAI,,305924,AJMER,RJ,INDIAN,PSBNK,322201,Y,094536987225,SDFGV1288A,9845612356,224569931,9/19/2009,Y,Y,Y,Y,Y,487
490778167,Shaheen,Nalin,Narmada,M,1/1/1957,,1028/29   KRISHNA COLONY,,,122001,GURGA,HR,INDIAN,SERVI,401303,Y,094536987225,FDGDA1289B,9845612356,224569932,9/26/2006,N,Y,Y,Y,N,754
491779168,Devdutta,Sameer,Natterraja,M,11/15/1962,,"919/C/13, NEW BRAHAM COLONY, GALI NO. 1,","OLD D. C. ROAD, SONEPAT.",,131001,SONEP,HR,INDIAN,PSBNK,781001,Y,024536987225,FGFSAS1290C,9845612356,224569933,2/14/2007,N,Y,Y,Y,N,779
492780169,Tripti,Lekha,Naueshwara,F,11/30/1983,,NEAR GEETA TAKIZ KESAWPURA HINDAUN,DIST KARAULI,,322230,HINDA,RJ,INDIAN,BUSIN,122001,N,024536987225,KDJFG1291D,9845612356,224569934,2/15/2007,N,Y,Y,N,N,538
493781170,Indrasena,Trupti,Nayna,F,1/23/1964,,OPP BEDLA KUND NEAR HANUMAN,MANDIR BEDLA ROAD BEDLA UDAIPUR,,313001,UDAPU,RJ,INDIAN,SERVI,38330,Y,054536987225,KFOFD1292A,9845612356,224569935,5/25/2007,N,Y,Y,Y,N,264
494782171,Shabari,Sarojini,Neela,F,10/15/1971,,1401 DHAULAGIRI APPTT,KAUSHAMBI,,201010,GHAZI,UP,INDIAN,SERVI,610002,Y,074536987225,DFADS1293B,9845612356,224569936,7/27/2007,N,Y,Y,Y,N,295
495783172,Madhavi,Vishaya,Neeraj,F,1/11/1971,,F-1203 JAIPURIA SUNRISE GREENS,INDIRAPURAM GHAZIABAD UTTAR PRADESH,,201014,GHAZI,UP,INDIAN,PSBNK,530016,Y,084536987225,ABCDE1294A,9845612356,224569937,8/16/2007,N,Y,Y,Y,N,558
496784173,Shakyasinha,Nityagopal,Niten,M,9/1/1979,,TC 27 438 TARA  289 POLAYIL KUNNUKUZHY P O,TRIVANDRUM 695037,,695037,TRIVA,KE,INDIAN,PSBNK,756003,Y,014536987225,FGHIJ1295B,9845612356,224569938,1/5/2008,N,Y,Y,Y,N,526
497785174,Arivarasu,Keyur,Omarjeet,M,2/1/1983,,B 203 UNIVERSAL HOUSE KAMPALA ROAD,UGANDA,,000001,NRI,NRI,IN,SERVI,306902,Y,034536987225,JKASD1296C,9845612356,224569939,3/3/2008,N,Y,Y,Y,N,671
498786175,Jasraj,Ramkumar,Padmesh,M,7/1/1973,,H.NO. 46/51-3 BALAJI NAGAR,KADAPA,,516003,CUDDA,AP,INDIAN,PSBNK,360575,Y,034536987225,SDFEF1297D,9845612356,224569940,3/27/2008,N,Y,Y,Y,N,297
499787176,Shakambari,Salma,Palam,F,1/28/1979,,PALAMOOTILDEVI TC4 480 ATRRA 114,RANGOON LANE KAUDIAR PO,,695003,TRIVA,KE,INDIAN,HW,400610,N,064536987225,SDFGV1298A,9845612356,224569941,6/23/2008,N,Y,Y,N,N,477
500788177,Tanu,Sushma,Palathingal,F,7/7/1987,,"BANK OF BARODA, AURANGABAD MAIN BR",PAITHAN GATE,,431001,AURAN,MH,INDIAN,SERVI,401202,Y,084536987225,FDGDA1299B,9845612356,224569942,8/11/2009,N,Y,Y,Y,N,638
501789178,Dayanand,Surya,Pankajakshan,M,3/20/1987,,621 SHIV NAGAR SOUTH SUNDERWAS,UDAIPUR,,313001,UDAPU,RJ,INDIAN,PGEM,122001,Y,084536987225,FGFSAS1300C,9845612356,224569943,8/12/2009,N,Y,Y,Y,N,318
502790179,Anuva,Devi,Panyala,F,1/18/1989,,H N 264 SEC 23,SONEPAT,,131001,SONEP,HR,INDIAN,SERVI,122001,Y,084536987225,KDJFG1301D,9845612356,224569944,8/21/2009,N,Y,Y,Y,N,545
503791180,Satvamohan,Harshavardhan,Pewar,M,11/15/1985,,VPO BHATOL JATTAN,TEH HANSI HISSAR,,125042,HANSI,HR,INDIAN,SERVI,401701,Y,084536987225,KFOFD1302A,9845612356,224569945,8/26/2009,N,Y,Y,Y,N,518
504792181,Bhanu,Jasbeer,Prajna,M,2/5/1976,,1826 MLA ROAD INDIRA MARKET,RAJPURA,,140401,RAJPU,PB,INDIAN,BUSIN,530027,,094536987225,DFADS1303B,9845612356,224569946,9/2/2009,N,Y,Y,,N,269
505793182,Gopa,Latakara,Pramsu,F,5/8/1988,,FLAT NO 06 KHITISH NIWAS 2ND FLOOR 78 RAJA,ROAD SUKCHAR SODPUR KOLKATA,,700115,NORTH,WB,INDIAN,SERVI,577202,Y,094536987225,ABCDE1304A,9845612356,224569947,9/10/2009,Y,Y,Y,Y,Y,587
506794183,Sayed,Shivesh,Prasad,M,2/14/1987,,"WARD N 20 , 73 C BLOCK NEAR SANTOSHI MAATA","MANDIR, RAI SINGH NAGAR,",,335051,SRIGA,RJ,INDIAN,SERVI,713301,Y,014536987225,FGHIJ1305B,9845612356,224569948,1/15/2010,N,Y,Y,Y,N,484
507795184,Savita,Gurjari,Prasanta,F,6/5/1973,,19-9-74/206 STV NAGAR OPP APSPDCL OFFICER,TIRUPATHI,,517501,TIRUP,AP,INDIAN,BUSIN,305001,N,034536987225,JKASD1306C,9845612356,224569949,3/30/2010,N,Y,Y,N,N,715
508796185,Rituparan,Lalit,Prithviraj,M,7/5/1984,,"21, JUGAL KISHOR COLONY, UDAI MODE,","OPP. JAGDAMBA ENTERPRISES, HINDON KAROLI ROAD",,322201,GANGA,RJ,INDIAN,SERVI,636006,Y,044536987225,SDFEF1307D,9845612356,224569950,4/17/2010,N,Y,Y,Y,N,290
509797186,Jamuna,Makshi,Pusan,F,12/18/1985,,B 205 SHANTI NIWAS CHSL S V NGR RAMMANDIR RD,OPP SARASWATI HIGHSCHL M B ESTATE VIRAR WEST,,401303,THANE,MH,INDIAN,SERVI,712101,N,054536987225,SDFGV1308A,9845612356,224569951,5/10/2010,N,Y,Y,N,N,362
510798187,Ipsita,Ila,Qamar,F,9/20/1970,,HOUSE NO 8 S R BORA LANE,LAMB ROAD,,781001,GUWAH,AS,INDIAN,SERVI,305001,N,084536987225,FDGDA1309B,9845612356,224569952,8/20/2010,N,Y,Y,N,N,596
511799188,Subhadra,Utkarsh,Radia,M,7/1/1977,,H NO 1447 SECTOR 15 PART 2,NEAR SALWAN PUBLIC SCHOOL,,122001,GURGA,HR,INDIAN,SERVI,401303,N,084536987225,FGFSAS1310C,9845612356,224569953,8/28/2010,N,Y,Y,N,N,301
512800189,Abhimoda,Kundan,Raghuram,M,1/11/1986,,BAK OF BARODA,MAGRODA TA VISNAGAR,,38330,VISNA,GJ,INDIAN,SERVI,530046,Y,104536987225,KDJFG1311D,9845612356,224569954,10/1/2010,N,Y,Y,Y,N,788
513801190,Varuni,Niharika,Ragunathan,F,9/11/1970,,HOUSE NO 1  673 1,VALALAR NAGAR    VANDAMPALAI,,610002,TIRVR,TN,INDIAN,HW,464221,N,104536987225,KFOFD1312A,9845612356,224569955,10/21/2010,N,Y,Y,N,N,344
514802191,Mohajit,Siraj,Rajagopalan,M,1/6/1951,,49 26 52 4   S F 1   ADITYA BHARGAVA,APARTMENTS  MADHURANAGAR,,530016,VISHA,AP,INDIAN,SERVI,487221,Y,124536987225,DFADS1313B,9845612356,224569956,12/16/2010,N,Y,Y,Y,N,627
515803192,Mitali,Saryu,Rajat,F,3/8/1980,,C/O JITESH NANDA,NALAMGANJ BALASORE,,756003,BALAS,GO,INDIAN,PSBNK,781001,Y,124536987225,DFADS1314A,9845612356,224569957,12/22/2010,N,Y,Y,Y,N,762
516804193,Prasoon,Omkar,Ramamuthe,M,12/5/1989,,BANK OF BARODA,SUMERPUR,,306902,SUMER,RJ,INDIAN,SERVI,695121,Y,014536987225,ABCDE1315B,9845612356,224569958,1/22/2011,N,Y,Y,Y,N,669
517805194,Anasooya,Doyel,Ramanujam,F,1/13/1991,,BLOCK NO 10 SHREEJI APPT WADI PLOT 3,PORBANDAR,,360575,PORBA,GJ,INDIAN,SERVI,122017,Y,014536987225,FGHIJ1316C,9845612356,224569959,1/31/2011,N,Y,Y,Y,N,734
518806195,Laasya,Noor,Ramasubraman,F,9/20/1957,,C 3 303 VALLEY TOWERS CHITALSAR MANPADA,NEAR D MART KHEWARA CIRCLE THANE WEST,,400610,THANE,MH,INDIAN,SERVI,362220,Y,024536987225,JKASD1317D,9845612356,224569960,2/1/2011,N,Y,Y,Y,N,271
519807196,Geena,Daksha,Ramsamooj,F,11/22/1969,,EC-08 A-003 FAIRFIELD BLDG. FAIR FIELD C H S,EVERSHINE CITY VASAI EAST THANE 401202,,401202,THANE,MH,INDIAN,SERVI,335804,Y,044536987225,SDFEF1318A,9845612356,224569961,4/16/2011,N,Y,Y,Y,N,741
520808197,Jugnu,Kanwal,Ranadhir,M,2/25/1960,,HNO 446 SECTOR 10A BEHIND DAV PUBLIC SCHOOL,GURGAON,,122001,GURGA,HR,INDIAN,SERVI,673011,Y,064536987225,SDFGV1319B,9845612356,224569962,6/1/2011,N,Y,Y,Y,N,359
521809198,Komal,Sanjana,Ranjana,F,10/19/1963,,A 375 PALAM VIHAR,GURGAON,,122001,GURGA,HR,INDIAN,SERVI,506002,Y,064536987225,FDGDA1320C,9845612356,224569963,6/23/2011,N,Y,Y,Y,N,702
522810199,Harishchandra,Drupad,Rewari,M,7/14/1985,,"H NO- 511 AT POST BORDI, OPP. RAM MANDIR,","NETAJI ROAD, DIS. PALGHAR,TA. DAHANU",,401701,BORDI,MH,INDIAN,PSBNK,333042,Y,084536987225,FGFSAS1321D,9845612356,224569964,8/26/2011,N,Y,Y,Y,N,304
523811200,Sudeep,Lambodar,Rudrani,M,4/15/1986,,DOOR NO 19-20 BHARATH NAGAR ROAD,PRAHALADAPURAM,,530027,VISHA,AP,INDIAN,SERVI,485001,Y,094536987225,KDJFG1322A,9845612356,224569965,9/19/2011,N,Y,Y,Y,N,312
524812201,Vanhi,Urmil,Rupali,F,5/31/1988,,WO GURURAJ SHET ASHOK ROAD,GANDHI BAZAR 5TH CROSS,,577202,SHIMO,KA,INDIAN,SERVI,335001,Y,124536987225,KFOFD1323B,9845612356,224569966,12/1/2011,N,Y,Y,Y,N,691
525813202,Gurcharan,Aabharan,Salil,M,2/18/1986,,SANJAY KUMAR GUPTA BANK OF BARODA 36 UMA,BHAWAN G T ROAD,,713301,ASANS,WB,INDIAN,SERVI,370001,Y,124536987225,DFADS1324A,9845612356,224569967,12/2/2011,N,Y,Y,Y,N,588
526814203,Paramhansa,Marut,Sangem,M,7/1/1987,,H NO 111 CHANDRA PRABHU NAGAR AJMER ROAD,KEKRI AJMER,,305001,AJMER,RJ,INDIAN,SERVI,387620,Y,124536987225,DFADS1325B,9845612356,224569968,12/13/2011,N,Y,Y,Y,N,362
527815204,Salil,Baldev,Sanghi,M,5/1/1992,,93 38 ARUNACHALAM MAIN ROAD,DADAGAPATTI,,636006,SALEM,TN,INDIAN,PSUEM,384315,Y,124536987225,ABCDE1326C,9845612356,224569969,12/23/2011,N,Y,Y,Y,N,454
528816205,Bhuvana,Bhagyawati,Saraswathi,F,9/14/1984,,VIP ROAD PRATAP PUR,P O CHINSURAH DIST HOOGHLY,,712101,CHINS,WB,INDIAN,BUSIN,382011,N,014536987225,FGHIJ1327D,9845612356,224569970,1/6/2012,N,Y,Y,N,N,282
529817206,Padmanabh,Kuber,Sarika,M,8/7/1986,,H NO 2314 SEC. 13,HUDA BHIWANI (HARYANA),,305001,AJMER,RJ,INDIAN,SERVI,313001,Y,014536987225,JKASD1328A,9845612356,224569971,1/18/2012,N,Y,Y,Y,N,350
530818207,Shilavati(a,River,Sarmad,F,8/13/1975,,B 502 MUKESH CHS,VIVA COLLEGE ROAD VIRAR WEST,,401303,THANE,MH,INDIAN,SERVI,385535,N,014536987225,SDFEF1329B,9845612356,224569972,1/27/2012,N,Y,Y,N,N,630
531819208,Shantashil,Charanjit,Sarmistha,M,12/19/1988,,FLAT NO 301 RANI PARADISE MUSTAFA JUNCTION,KURMANNAPALEM ROAD KURMANNAPALEM,,530046,VISHA,AP,INDIAN,SERVI,517507,Y,034536987225,SDFGV1330C,9845612356,224569973,3/2/2012,N,Y,Y,Y,N,509
532820209,Lav,Pranjal,Sathyanarayana,M,2/10/1975,,SHUBHASH CHOWK,NEAR RAILWAY STATION GANJ BASODA,,464221,VIDIS,MP,INDIAN,AGRI,530003,N,054536987225,FDGDA1331D,9845612356,224569974,5/4/2012,N,Y,Y,N,N,497
533821210,Prithvi,Arka,Satsangi,M,8/2/1980,,OLD GALLA MANDI SUBHASH WARD,KARELI,,487221,NARMP,MP,INDIAN,BUSIN,700028,,064536987225,FGFSAS1332A,9845612356,224569975,6/14/2012,N,Y,Y,,N,290
534822211,Talib,Deviprasad,Sekar,M,2/6/1983,,HOUSE NO 47 DIGHALIPUKHURI EAST,TAYABULLAH ROAD J C MEDHI COMPLEX,,781001,GUWAH,AS,INDIAN,SERVI,201014,Y,064536987225,KDJFG1333B,9845612356,224569976,6/29/2012,N,Y,Y,Y,N,317
,,,,,,,,,,,,,,,,,,,,,,,,,,,
,,,,,,,,,,,,,,,,,,,,,,,,,,,
,,,,,,,,,,,,,,,,,,,,,,,,,,,
,,,,,,,,,,,,,,,,,,,,,,,,,,,
,,,,,,,,,,,,,,,,,,,,,,,,,,,
,,,,,,,,,,,,,,,,,,,,,,,,,,,
,,,,,,,,,,,,,,,,,,,,,,,,,,,
,,,,,,,,,,,,,,,,,,,,,,,,,,,
,,,,,,,,,,,,,,,,,,,,,,,,,,,
,,,,,,,,,,,,,,,,,,,,,,,,,,,
,,,,,,,,,,,,,,,,,,,,,,,,,,,
,,,,,,,,,,,,,,,,,,,,,,,,,,,
,,,,,,,,,,,,,,,,,,,,,,,,,,,
,,,,,,,,,,,,,,,,,,,,,,,,,,,
,,,,,,,,,,,,,,,,,,,,,,,,,,,
,,,,,,,,,,,,,,,,,,,,,,,,,,,
,,,,,,,,,,,,,,,,,,,,,,,,,,,
,,,,,,,,,,,,,,,,,,,,,,,,,,,
,,,,,,,,,,,,,,,,,,,,,,,,,,,
,,,,,,,,,,,,,,,,,,,,,,,,,,,
,,,,,,,,,,,,,,,,,,,,,,,,,,,
,,,,,,,,,,,,,,,,,,,,,,,,,,,
,,,,,,,,,,,,,,,,,,,,,,,,,,,
,,,,,,,,,,,,,,,,,,,,,,,,,,,
,,,,,,,,,,,,,,,,,,,,,,,,,,,
,,,,,,,,,,,,,,,,,,,,,,,,,,,
,,,,,,,,,,,,,,,,,,,,,,,,,,,
,,,,,,,,,,,,,,,,,,,,,,,,,,,
,,,,,,,,,,,,,,,,,,,,,,,,,,,
,,,,,,,,,,,,,,,,,,,,,,,,,,,
,,,,,,,,,,,,,,,,,,,,,,,,,,,
,,,,,,,,,,,,,,,,,,,,,,,,,,,
,,,,,,,,,,,,,,,,,,,,,,,,,,,
,,,,,,,,,,,,,,,,,,,,,,,,,,,
,,,,,,,,,,,,,,,,,,,,,,,,,,,
,,,,,,,,,,,,,,,,,,,,,,,,,,,
,,,,,,,,,,,,,,,,,,,,,,,,,,,
,,,,,,,,,,,,,,,,,,,,,,,,,,,
,,,,,,,,,,,,,,,,,,,,,,,,,,,
,,,,,,,,,,,,,,,,,,,,,,,,,,,
,,,,,,,,,,,,,,,,,,,,,,,,,,,
,,,,,,,,,,,,,,,,,,,,,,,,,,,
,,,,,,,,,,,,,,,,,,,,,,,,,,,
,,,,,,,,,,,,,,,,,,,,,,,,,,,
,,,,,,,,,,,,,,,,,,,,,,,,,,,
,,,,,,,,,,,,,,,,,,,,,,,,,,,
,,,,,,,,,,,,,,,,,,,,,,,,,,,
,,,,,,,,,,,,,,,,,,,,,,,,,,,
,,,,,,,,,,,,,,,,,,,,,,,,,,,
