Product Name,Product Type,Product Code
EI-COMP-HSG LN-HOL-CAP IN,LAA,LA112
SCHOLAR-EMI-NON CAPITALIS,LAA,LA135
STAFF FESTIVAL ADVANCE,LAA,LA671
STF CAR LOAN NEI SIMP,LAA,LA654
STF REG  HSG - INT AFT PR,LAA,LA611
HSG-LN-EI-NON CAPITALISE,LAA,LA110
SECOND STAFF REGLR HSG LN,LAA,LA620
HSG-LN-EI-NON CAPITALISE,LAA,LA111
LABOD - NON EMI,LAA,LA172
STF-VEH-AWARD STF BEF 89,LAA,LA651
CAR LOAN - EI COMPOUND,LAA,LA101
CAR LOAN-HINS-CORPORATES,LAA,LA106
TWO WHEELER LOAN EMI,LAA,LA105
EBHFL HL EI NON CAP,LAA,LA125
STF SUPPL HSG LOAN,LAA,LA612
STF CAR LOAN CLERKS NEI,LAA,LA653
STF VEH-2 WHLER-INT SMPLE,LAA,LA652
STF FLOOD RLF-UP/BH/OR/TN,LAA,LA635
AGRI GOLD LOAN,LAA,LA411
GOLDN JUBLEE RU HSG-EMI,LAA,LA122
OTHER PENSIONERS-EMI,LAA,LA147
EI LOAN AGST NSC/KVP/IVP,LAA,LA170
LOAN AGAINST LIC EI,LAA,LA168
ADV AGNST GOLD JEWELLERY,LAA,LA180
LN AGNST NSC/KVP/IVP- NE,LAA,LA169
STF HSG LOAN REPAIRS,LAA,LA613
STF-ADDITIONAL CAR-EMI,LAA,LA655
 PMMY- MICRO ENTERPRISE,LAA,LA520
BARODA HOME IMPROVEMNT LN,LAA,LA116
DL/TL-GEN-EMI,LAA,LA008
STF DL FOR FLOOD/CYCL-NES,LAA,LA627
STF EXIGENCY LN-NE-COMP,LAA,LA624
DL/TL GEN-COMP - NON EMI,LAA,LA001
STF DL-BANK OWN SHARE-NES,LAA,LA625
PERSONAL LOAN-PUB-EMI,LAA,LA141
BARODA AAA LOAN-RESIDENT,LAA,LA114
BARODA KISAN TATKAL,LAA,LA420
HUDA ACCOUNTS-NON EMI,LAA,LA010
 PMMY- SMALL ENTERPRISE,LAA,LA521
BPRE TOPUP HOME LN CAT-II,LAA,LA199
PREMIUM PERSONAL LOAN,LAA,LA158
AFS-10-AGRI ALLIED ACTVTY,LAA,LA410
EARNEST MONEY HSG LN EMI,LAA,LA126
AFS-3-CROP LOANS,LAA,LA403
BARODA RESI HOME LN ADVTG,LAA,LA183
