Cust Id,Receiver Iso Code,Beneficiary Br,Dr Acct,Cr Acct,Tran Amt,Paysys Id,Tran Rmks,Mesg Status,Tran Id,Tran Date
435723112,BARB0ATMAJY,,29040100001234,FN35033,1000,NEFT,NEFT-SHAREKHAN LIMITED CL,P,S92109644,1/4/2017
435723112,CITI0000003,,29040100001234,E9205955623,70100,NEFT,,P,S31356293,6/8/2017
435723112,CITI0000003,,29040100001234,E9205955623,66119,NEFT,,P, S4204155,7/10/2017
435723112,CITI0000003,,29040100001234,E9205955623,55545,NEFT,,P,S60882176,8/2/2017
435723112,HSBC0400002,,29040100001234,E9205955623,2750,NEFT,,P,S64922211,6/22/2017
435723112,HSBC0400002,,29040100001234,E9205955623,7259,NEFT,,P,S54680151,3/21/2017
435723112,UTIB0000036,,29040100001234,TG3671676,235000,RTGS,,S,S29171619,6/7/2017
436724113,BARB0BANEAS,,12480100001235,FN32683,0.44,NEFT,NEFT-CPSE ETF FFO REFUND,P,S52483266,2/2/2017
436724113,BARB0BANEAS,,12480100001235,FN32683,65,NEFT,NEFT-SBI DIVIDEND PAYMENT,P,S49253217,6/16/2017
436724113,BKID0000122,,12480100001235,E9205955623,6000,NEFT,,P, S6182103,4/13/2017
436724113,MAHB0001443,,12480100001235,E9205955623,3000,NEFT,,P,S21159057,7/17/2017
437725114,BARB0VAISHA,,05720100021238,TI163913863,11116,NEFT,NEFT-UIIC-PAYMENTS,P,S31270564,4/25/2017
437725114,BARB0VAISHA,,05720100021238,TI163913863,9182,NEFT,NEFT-UIIC-PAYMENTS,P,S37940286,7/24/2017
437725114,BARB0VAISHA,,05720100021238,TI163913863,1540,NEFT,NEFT-UNITED INDIA - DEDIC,P,S86457975,2/17/2017
437725114,BARB0VAISHA,,05720100021238,TI163913863,940,NEFT,NEFT-UNITED INDIA - DEDIC,P, S8826175,1/11/2017
437725114,BARB0VAISHA,,05720100021238,TI163913863,4630,NEFT,NEFT-UNITED INDIA - DEDIC,P,S86457879,2/17/2017
437725114,BARB0VAISHA,,05720100021238,TI163913863,13341,NEFT,NEFT-K R KHATWA,P,S21636070,1/18/2017
439727116,BARB0AJMRAJ,,08110100001244,UI8989888,1790,NEFT,NEFT-A M MARKETPLACES,P,S34619069,1/24/2017
439727116,BARB0AJMRAJ,,08110100001244,UI8989888,499,NEFT,NEFT-A M MARKETPLACES,P, S6392371,1/10/2017
439727116,BARB0AJMRAJ,,08110100001244,UI8989888,65000,NEFT,NEFT-ASHOKA MEDICALS,P,S92075878,1/4/2017
439727116,BARB0AJMRAJ,,08110100001244,UI8989888,423,NEFT,NEFT-CLUES NETWORK PRIVAT,P,S35126550,1/24/2017
439727116,BARB0AJMRAJ,,08110100001244,UI8989888,12457.5,NEFT,NEFT-HDFC STD LIFE INSU C,P,S64153814,6/22/2017
439727116,BARB0AJMRAJ,,08110100001244,UI8989888,113402.44,NEFT,NEFT-HDFC STD LIFE INSU C,P, S7894345,5/30/2017
439727116,BARB0AJMRAJ,,08110100001244,UI8989888,57.91,NEFT,NEFT-HDFC STD LIFE INSU C,P,S64135125,6/22/2017
439727116,BARB0AJMRAJ,,08110100001244,UI8989888,575.85,NEFT,NEFT-HDFC STD LIFE INSU C,P, S7894369,5/30/2017
440728117,BARB0RAIAJM,,01230100021248,IU9202644,5149,NEFT,NEFT-UIIC HEALTH PAYMENTS,P,S67980480,8/5/2017
440728117,BARB0RAIAJM,,01230100021248,IU9202644,5349,NEFT,NEFT-UIIC-PAYMENTS,P,S24165051,6/5/2017
440728117,BARB0RAIAJM,,01230100021248,IU9202644,5172,NEFT,NEFT-UIIC-PAYMENTS,P,S26794940,6/6/2017
440728117,BARB0RAIAJM,,01230100021248,IU9202644,5172,NEFT,NEFT-UIIC-PAYMENTS,P,S96219726,7/6/2017
440728117,PUNB0000800,,01230100021248,E95599060,58010,NEFT,NEFT,P,S34107167,1/24/2017
440728117,SBIN0060263,,01230100021248,E95599060,44500,NEFT,NEFT,P,S63730125,6/22/2017
441729118,BARB0THAEAS,,12480100001255,0J8409228,56012,NEFT,NEFT-UIIC-PAYMENTS,P, S5491569,7/10/2017
441729118,BARB0THAEAS,,12480100001255,0J8409228,7500,NEFT,NEFT-DHAVAL DHANANJAY HIR,P,S93547024,1/5/2017
441729118,BARB0THAEAS,,12480100001255,0J8409228,8100,NEFT,NEFT-DHAVAL DHANANJAY HIR,P,S48952776,5/3/2017
441729118,BARB0THAEAS,,12480100001255,0J8409228,7500,NEFT,NEFT-DHAVAL DHANANJAY HIR,P,S51915183,2/2/2017
441729118,BARB0THAEAS,,12480100001255,0J8409228,7500,NEFT,NEFT-DHAVAL DHANANJAY HIR,P,S83443033,7/1/2017
441729118,BARB0THAEAS,,12480100001255,0J8409228,7500,NEFT,NEFT-DHAVAL DHANANJAY HIR,P,S87738933,4/5/2017
441729118,BARB0THAEAS,,12480100001255,0J8409228,7500,NEFT,NEFT-DHAVAL DHANANJAY HIR,P,S60821469,8/2/2017
441729118,CITI0100000,,12480100001255,E95599060,60000,NEFT,NEFT,P,S44803288,7/27/2017
441729118,SBIN0005354,,12480100001255,E9205955623,20000,NEFT,,P,S46584604,5/2/2017
441729118,SBIN0005354,,12480100001255,E95599060,20000,NEFT,trf,P,S41482474,3/15/2017
441729118,TJSB0000002,,12480100001255,E9205955623,3540,NEFT,,P,S46778534,7/28/2017
441729118,TJSB0000002,,12480100001255,E9205955623,4600,NEFT,,P,S68076582,3/27/2017
441729118,UTIB0000103,,12480100001255,E95599060,24800,NEFT,NEFT,P,S95827829,2/22/2017
442730119,BARB0VAISHA,,17370100001259,TI8986768,2142,NEFT,NEFT-UIIC-PAYMENTS,P,S38587998,4/28/2017
442730119,BARB0VAISHA,,17370100001259,TI8986768,2586,NEFT,NEFT-UIIC-PAYMENTS,P,S33522255,6/9/2017
442730119,BARB0VAISHA,,17370100001259,TI8986768,3510,NEFT,NEFT-UNITED INDIA - DEDIC,P,S40327066,3/15/2017
442730119,BARB0VAISHA,,17370100001259,TI8986768,3789,NEFT,NEFT-UNITED INDIA - DEDIC,P,S46471999,1/31/2017
442730119,BARB0VAISHA,,17370100001259,TI8986768,36000,NEFT,NEFT-NEERAJ KUMAR MUNDRA,P, S4214661,5/29/2017
442730119,SBIN0016413,,17370100001259,E95599060,70000,NEFT,Inward reject for: S13222054,C,S13584891,4/17/2017
442730119,SBIN0016413,,17370100001259,E95599060,59000,NEFT,NEFT,P,S13194241,4/17/2017
442730119,SBIN0016413,,17370100001259,E95599060,70000,NEFT,NEFT,P,S15824605,4/18/2017
442730119,UTIB0000552,,17370100001259,E95599060,40000,NEFT,Inward reject for: S38577793,C,S38918223,3/14/2017
442730119,UTIB0000552,,17370100001259,E95599060,40000,NEFT,Inward reject for: S40998306,C,S41229822,3/15/2017
443731120,BARB0MIRBHA,,08160100011260,HG185778256,50000,NEFT,NEFT-MADAN MOHAN SINGH,P,S47395868,1/31/2017
443731120,BARB0MIRBHA,,08160100011260,HG185778256,50000,NEFT,NEFT-MADAN MOHAN SINGH,P,S69859596,3/28/2017
443731120,BARB0MIRBHA,,08160100011260,HG185778256,50000,NEFT,NEFT-MADAN MOHAN SINGH,P, S9637394,5/31/2017
443731120,BARB0MIRBHA,,08160100011260,HG185778256,50000,NEFT,NEFT-MADAN MOHAN SINGH,P,S47575060,5/2/2017
443731120,BARB0MIRBHA,,08160100011260,HG185778256,5000,NEFT,NEFT-MADAN MOHAN SINGH,P,S93181147,4/7/2017
443731120,BARB0MIRBHA,,08160100011260,HG185778256,10000,NEFT,NEFT-MADAN MOHAN SINGH,P,S96535610,1/6/2017
443731120,BARB0MIRBHA,,08160100011260,HG185778256,50000,NEFT,NEFT-MADAN MOHAN SINGH,P,S88311490,1/3/2017
443731120,BARB0MIRBHA,,08160100011260,HG185778256,35000,NEFT,NEFT-MADAN MOHAN SINGH,P,S65831952,3/26/2017
443731120,BARB0MIRBHA,,08160100011260,HG185778256,8000,NEFT,NEFT-MADAN MOHAN SINGH,P,S12252034,6/1/2017
443731120,BARB0MIRBHA,,08160100011260,HG185778256,100000,NEFT,NEFT-MADHAVI SINGH,P,  S552898,2/24/2017
443731120,VIJB0005095,,08160100011260,E9205955623,30000,NEFT,,P,S16771618,6/2/2017
444732121,BARB0MAVELI,,12090100001264,ZV11786062,5330.41,NEFT,NEFT-BARODA PIONEER ELSS,P,S80317838,3/31/2017
444732121,FDRL0001008,,12090100001264,E9205955623,2536,NEFT,,P,S52756528,2/2/2017
444732121,SBIN0005317,,12090100001264,E9205955623,5300,NEFT,,P,S57881259,5/6/2017
444732121,SBIN0005317,,12090100001264,E9205955623,7500,NEFT,,P,S87941454,4/5/2017
444732121,UBIN0533793,,12090100001264,E9205955623,2000,NEFT,,P,S25465591,6/6/2017
444732121,UBIN0533793,,12090100001264,E9205955623,3000,NEFT,,P,S59227625,8/2/2017
444732121,UBIN0533793,,12090100001264,E9205955623,2000,NEFT,,P, S8328870,7/11/2017
444732121,UBIN0533793,,12090100001264,E9205955623,2000,NEFT,,P,S89868143,7/4/2017
445733122,SBIN0004122,,01320100011265,E95599060,8000,NEFT,h.r.sharma,P,S41590637,6/13/2017
445733122,STBP0000162,,01320100011265,E95599060,31000,NEFT,NEFT,P,S65755449,2/8/2017
445733122,STBP0001132,,01320100011265,E95599060,7500,NEFT,NEFT,P,S79514732,5/16/2017
446734123,HDFC0009102,,01460100011269,E95599060,35000,NEFT,NEFT,P,S44232313,1/30/2017
446734123,ICIC0000165,,01460100011269,E95599060,25000,NEFT,NEFT,P,S16289736,4/18/2017
446734123,ICIC0000165,,01460100011269,E95599060,50000,NEFT,NEFT,P,S56721006,6/19/2017
446734123,ICIC0000165,,01460100011269,E95599060,10000,NEFT,NEFT,P,S64391700,6/22/2017
446734123,ICIC0000165,,01460100011269,E95599060,45000,NEFT,NEFT,P,S88534620,5/20/2017
446734123,ICIC0000165,,01460100011269,E95599060,10000,NEFT,NEFT,P,S98588201,7/7/2017
446734123,SBIN0060424,,01460100011269,E95599060,26550,NEFT,NEFT,P,S65383887,8/4/2017
447735124,BARB0CANNAN,,08440100001272,5T13537858,29695.4,NEFT,NEFT-L  T INFRA BOND  201,P, S5309294,1/10/2017
447735124,BARB0CANNAN,,08440100001272,5T13537858,16798,NEFT,NEFT-INDIA INFOLINE LTD,P,S95915017,2/22/2017
447735124,BARB0TELLIC,,08440100001272,8M21737386,375.88,NEFT,NEFT-Mumbai Regional Offi,P,S81613727,5/17/2017
447735124,CITI0100000,,08440100001272,E9205955623,500,NEFT,,P,S97986413,2/23/2017
447735124,IBKL0000304,,08440100001272,E95599060,9000,NEFT,Shoba,P,S87450588,7/3/2017
447735124,ICIC0000002,,08440100001272,E95599060,500,NEFT,shobhana,P,S10398215,7/12/2017
447735124,SBIN0000926,,08440100001272,E95599060,25000,NEFT,Sumjith,P,  S483373,4/11/2017
447735124,SBIN0000926,,08440100001272,E95599060,5000,NEFT,Sumjith,P,  S484357,4/11/2017
447735124,SBIN0006407,,08440100001272,E9205955623,5000,NEFT,,P,S29079576,1/21/2017
448736125,BARB0BTMBAN,,06670100021275,0G104514594,9000,NEFT,NEFT-MR MAHESH KUMAR ADIK,P,S60466726,8/2/2017
448736125,BARB0BTMBAN,,06670100021275,0G104514594,10000,NEFT,NEFT-MR MAHESH KUMAR ADIK,P,S60759821,2/6/2017
448736125,BARB0BTMBAN,,06670100021275,0G104514594,10000,NEFT,NEFT-MR MAHESH KUMAR ADIK,P,S83947718,4/3/2017
448736125,BARB0BTMBAN,,06670100021275,0G104514594,9000,NEFT,NEFT-MR MAHESH KUMAR ADIK,P,S25744092,6/6/2017
448736125,BARB0BTMBAN,,06670100021275,0G104514594,10000,NEFT,NEFT-MR MAHESH KUMAR ADIK,P,S12954169,3/2/2017
448736125,BARB0BTMBAN,,06670100021275,0G104514594,10000,NEFT,NEFT-MR MAHESH KUMAR ADIK,P,S86937387,1/2/2017
448736125,BARB0BTMBAN,,06670100021275,0G104514594,9000,NEFT,NEFT-MR MAHESH KUMAR ADIK,P,S52456127,5/4/2017
448736125,BARB0BTMBAN,,06670100021275,0G104514594,9000,NEFT,NEFT-MR MAHESH KUMAR ADIK,P,S93314457,7/5/2017
448736125,BARB0TIRUPA,,06670100021275,7M14944269,37.59,NEFT,NEFT-Mumbai Regional Offi,P,S81609927,5/17/2017
448736125,BARB0TIRUPA,,06670100021275,7M14944269,4650,NEFT,NEFT-NATIONAL INSURANCE C,P,S93577187,5/23/2017
448736125,SBIN0000904,,06670100021275,R327710118,200000,RTGS,,S,S93338634,2/21/2017
449737126,BARB0MITHAP,,03700100021280,2315903679,120918.54,NEFT,NEFT-TATA AIA LIFE INSURA,P,S74210653,6/27/2017
449737126,BARB0MITHAP,,03700100021280,2315903679,30780,NEFT,NEFT-IDFC IB 1112 TR1 SR2,P,S53775050,7/31/2017
449737126,BARB0MITHAP,,03700100021280,2315903679,1050000,RTGS,MOTILALOSWALSECURITIESLTD903,P,S24555353,7/18/2017
449737126,BARB0MITHAP,,03700100021280,2315903679,430160.58,RTGS,MOTILALOSWALSECURITIESLTD930,P,S57359422,8/1/2017
449737126,BARB0MITHAP,,03700100021280,2315903679,33035.57,NEFT,NEFT-MOTILAL OSWAL SECURI,P,S57484624,8/1/2017
449737126,SBBJ0010503,,03700100021280,E95599060,5000,NEFT,NEFT,P, S5330644,1/10/2017
449737126,SBIN0003470,,03700100021280,E95599060,2000,NEFT,NEFT,P,S88690147,1/3/2017
449737126,SBIN0003470,,03700100021280,E95599060,10000,NEFT,NEFT,P,S88692081,1/3/2017
450738127,BARB0THEAGA,,05320100001284,6B15626622,50000,NEFT,NEFT-OSHOWINN MANAGEMENT,P,S71551584,5/12/2017
450738127,BARB0THEAGA,,05320100001284,6B15626622,13731,NEFT,NEFT-OSHOZEN MANAGEMENT C,P, S6740948,2/28/2017
450738127,BARB0THEAGA,,05320100001284,6B15626622,14500,NEFT,NEFT-OSHOZEN MANAGEMENT C,P,S56633110,2/4/2017
450738127,BARB0THEAGA,,05320100001284,6B15626622,26000,NEFT,NEFT-OSHOZEN MANAGEMENT C,P,S66821080,3/27/2017
450738127,BARB0THEAGA,,05320100001284,6B15626622,50000,NEFT,NEFT-OSHOZEN MANAGEMENT C,P,S75473538,8/8/2017
450738127,BARB0THEAGA,,05320100001284,6B15626622,50000,NEFT,NEFT-OSHOZEN MANAGEMENT C,P,S95705804,7/6/2017
450738127,BARB0THEAGA,,05320100001284,6B15626622,7000,NEFT,NEFT-OSHOZEN MANAGEMENT C,P, S9791973,7/12/2017
450738127,BARB0THEAGA,,05320100001284,6B15626622,27000,NEFT,NEFT-OSHOZEN MANAGEMENT C,P,S67064586,5/10/2017
450738127,BARB0THEAGA,,05320100001284,6B15626622,35000,NEFT,NEFT-OSHOZEN MANAGEMENT C,P,S99424466,5/26/2017
450738127,BARB0THEAGA,,05320100001284,6B15626622,50000,NEFT,NEFT-OSHOZEN MANAGEMENT C,P,S51633704,2/2/2017
450738127,BARB0THEAGA,,05320100001284,6B15626622,3000,NEFT,NEFT-OSHOZEN MANAGEMENT C,P,S67057148,5/10/2017
450738127,BARB0THEAGA,,05320100001284,6B15626622,50000,NEFT,NEFT-OSHOZEN MANAGEMENT C,P, S3789180,2/27/2017
450738127,BARB0THEAGA,,05320100001284,6B15626622,50000,NEFT,NEFT-OSHOZEN MANAGEMENT C,P, S3790148,2/27/2017
450738127,BARB0THEAGA,,05320100001284,6B15626622,25000,NEFT,NEFT-OSHOZEN MANAGEMENT C,P,S77230240,8/9/2017
450738127,BARB0THEAGA,,05320100001284,6B15626622,9000,NEFT,NEFT-OSHOZEN MANAGEMENT C,P,S78551576,5/16/2017
450738127,BARB0THEAGA,,05320100001284,6B15626622,1000,NEFT,NEFT-OSHOZEN MANAGEMENT C,P,S98300719,4/10/2017
450738127,BARB0THEAGA,,05320100001284,6B15626622,2750,NEFT,NEFT-R  NALINI,P,S93552495,1/5/2017
450738127,BARB0THEAGA,,05320100001284,6B15626622,24000,NEFT,NEFT-R  RAMESH,P,S40371341,6/12/2017
450738127,BARB0THEAGA,,05320100001284,6B15626622,28000,NEFT,NEFT-R  RAMESH,P,S62411578,5/8/2017
450738127,BARB0THEAGA,,05320100001284,6B15626622,4000,NEFT,NEFT-R  RAMESH,P,S70332326,2/10/2017
450738127,BARB0THEAGA,,05320100001284,6B15626622,15000,NEFT,NEFT-R  RAMESH,P,S86211522,4/4/2017
450738127,BARB0THEAGA,,05320100001284,6B15626622,4990,NEFT,NEFT-R  RAMESH,P, S9688840,1/12/2017
450738127,BARB0THEAGA,,05320100001284,6B15626622,98.89,NEFT,NEFT-VENTURA SECURITIES L,P,S57794421,5/6/2017
450738127,BARB0THEAGA,,05320100001284,6B15626622,422.76,NEFT,NEFT-VENTURA SECURITIES L,P,S18578853,7/15/2017
450738127,BARB0THEAGA,,05320100001284,6B15626622,90.91,NEFT,NEFT-VENTURA SECURITIES L,P,S17950988,3/4/2017
450738127,BARB0THEAGA,,05320100001284,6B15626622,29500,NEFT,NEFT-VENTURA SECURITIES L,P,S28708226,6/7/2017
450738127,BARB0THEAGA,,05320100001284,6B15626622,22500,NEFT,NEFT-VENTURA SECURITIES L,P,S98031667,2/23/2017
450738127,HDFC0001947,,05320100001284,E9205955623,2750,NEFT,,P,S12014604,3/2/2017
450738127,HDFC0001947,,05320100001284,E9205955623,2750,NEFT,,P,S22641107,6/5/2017
450738127,HDFC0001947,,05320100001284,E9205955623,2000,NEFT,,P,S36928087,3/13/2017
450738127,HDFC0001947,,05320100001284,E9205955623,5000,NEFT,,P,S42241963,6/13/2017
450738127,HDFC0001947,,05320100001284,E9205955623,2750,NEFT,,P,S51673409,2/2/2017
450738127,HDFC0001947,,05320100001284,E9205955623,2750,NEFT,,P,S68035431,5/11/2017
450738127,HDFC0001947,,05320100001284,E9205955623,2750,NEFT,,P,S79857579,8/10/2017
450738127,HDFC0001947,,05320100001284,E9205955623,2750,NEFT,,P,S82750358,4/3/2017
450738127,HDFC0001947,,05320100001284,E9205955623,2750,NEFT,,P,S87066028,7/3/2017
450738127,HDFC0001947,,05320100001284,E9205955623,2750,NEFT,,P,S93661680,1/5/2017
450738127,IDIB000M047,,05320100001284,E9205955623,16000,NEFT,,P,S21744327,1/18/2017
450738127,IDIB000M047,,05320100001284,E9205955623,15000,NEFT,,P, S4066303,7/10/2017
450738127,IDIB000M047,,05320100001284,E9205955623,5000,NEFT,,P,S49471910,6/16/2017
450738127,IDIB000M047,,05320100001284,E9205955623,15675,NEFT,,P,S66831618,3/27/2017
450738127,IDIB000M047,,05320100001284,E9205955623,44000,NEFT,,P,S71561266,5/12/2017
450738127,IDIB000M047,,05320100001284,E9205955623,26000,NEFT,,P,S83900337,7/1/2017
450738127,IDIB000M047,,05320100001284,E9205955623,15000,NEFT,,P,S83905215,7/1/2017
450738127,IDIB000M047,,05320100001284,E9205955623,10000,NEFT,,P,S87065881,7/3/2017
450738127,IDIB000M047,,05320100001284,E9205955623,3000,NEFT,,P,S98499766,2/23/2017
450738127,IDIB000M047,,05320100001284,E9205955623,500,NEFT,,P,S99944895,2/24/2017
450738127,SCBL0036001,,05320100001284,E9205955623,30000,NEFT,,P,S21750096,1/18/2017
450738127,SCBL0036001,,05320100001284,E9205955623,15000,NEFT,,P,S23444858,3/7/2017
450738127,SCBL0036001,,05320100001284,E9205955623,14000,NEFT,,P,S40401859,6/12/2017
450738127,SCBL0036001,,05320100001284,E9205955623,30000,NEFT,,P, S4079535,7/10/2017
450738127,SCBL0036001,,05320100001284,E9205955623,15000,NEFT,,P,S68041569,5/11/2017
450738127,SCBL0036001,,05320100001284,E9205955623,4100,NEFT,,P,S75118458,2/13/2017
450738127,SCBL0036001,,05320100001284,E9205955623,10000,NEFT,,P,S98692997,4/10/2017
451739128,BARB0SALTLA,,00310100001285,NU7762379,73.81,NEFT,NEFT-Mumbai Regional Offi,P, S7529974,5/30/2017
451739128,BARB0SALTLA,,00310100001285,NU7762379,216.56,NEFT,NEFT-Mumbai Regional Offi,P,S75567387,3/30/2017
451739128,BARB0SALTLA,,00310100001285,NU7762379,110.72,NEFT,NEFT-Mumbai Regional Offi,P, S7528878,5/30/2017
451739128,ICIC0000042,,00310100001285,E95599060,28000,NEFT,NEFT,P,  S125978,2/24/2017
451739128,ICIC0000042,,00310100001285,E95599060,28000,NEFT,NEFT,P,S47580865,1/31/2017
451739128,ICIC0000042,,00310100001285,E95599060,14000,NEFT,NEFT,P,S69851535,3/28/2017
451739128,ICIC0000042,,00310100001285,E95599060,15600,NEFT,NEFT,P,S84763041,7/1/2017
451739128,ICIC0000042,,00310100001285,E95599060,15600,NEFT,NEFT,P,S41156418,7/25/2017
452740129,BARB0SRIGAN,,08150100001289,XM16865659,4500,NEFT,NEFT-MRS BECTORS FOOD SPE,P,S29946885,6/7/2017
452740129,BARB0SRIGAN,,08150100001289,XM16865659,4500,NEFT,NEFT-MRS BECTORS FOOD SPE,P,S61326465,5/8/2017
452740129,BARB0SRIGAN,,08150100001289,XM16865659,4500,NEFT,NEFT-MRS BECTOR FOOD SPEC,P, S3888549,1/9/2017
452740129,BARB0SRIGAN,,08150100001289,XM16865659,4500,NEFT,NEFT-MRSBECTORS FOOD SPEC,P,S96777722,7/6/2017
452740129,BARB0SRIGAN,,08150100001289,XM16865659,4500,NEFT,NEFT-MRSBECTORS FOOD SPEC,P,S77478987,8/9/2017
452740129,BARB0SRIGAN,,08150100001289,XM16865659,4500,NEFT,NEFT-MRS.BECTORS FOOD SPE,P,S66782947,2/8/2017
452740129,BARB0SRIGAN,,08150100001289,XM16865659,4500,NEFT,NEFT-mrs Bector Food Spec,P,S31852093,3/10/2017
452740129,UTIB0000184,,08150100001289,E9205955623,15000,NEFT,,P,S94861890,1/5/2017
453741130,BARB0RAISIN,,08150100001290,VJ102708929,54775.57,NEFT,NEFT-MASTER CAPITAL SERVI,P,S79245177,5/16/2017
453741130,BARB0SRIJAW,,08150100001290,MP179660435,42.89,NEFT,NEFT-Mumbai Regional Offi,P,S60812911,2/6/2017
453741130,BARB0SRIJAW,,08150100001290,MP179660435,42.89,NEFT,NEFT-Mumbai Regional Offi,P,S68941956,8/5/2017
453741130,ICIC0003361,,08150100001290,E95599060,30000,NEFT,NEFT,P,S91412778,5/22/2017
453741130,RATN0000116,,08150100001290,E95599060,100,NEFT,NEFT,P,S10557170,1/12/2017
454742131,ICIC0000004,,06080100001294,E95599060,4000,NEFT,fund Transfer,P,S18486373,7/15/2017
454742131,ICIC0000004,,06080100001294,E95599060,15000,NEFT,fund Transfer,P,S18020009,7/15/2017
454742131,ICIC0000004,,06080100001294,E95599060,20000,NEFT,NEFT,P,S57319653,3/22/2017
454742131,ICIC0000004,,06080100001294,E95599060,15000,NEFT,NEFT,P, S9926784,4/15/2017
455743132,CNRB0001263,,06080100001296,E95599060,500,NEFT,NEFT,P,S45093751,7/27/2017
455743132,IOBA0001370,,06080100001296,E95599060,500,NEFT,NEFT,P,S45090064,7/27/2017
456744133,BARB0SALEMX,,06080100001297,7P231532084,294663,NEFT,NEFT-FULLERTON INDIA CRED,P,S13281688,6/1/2017
456744133,IOBA0002785,,06080100001297,E95599060,10000,NEFT,NEFT,P,S31843440,6/8/2017
457745134,IDIB000T044,,05390100001302,E95599060,3000,NEFT,study,P,S78299298,8/9/2017
457745134,IDIB000T044,,05390100001302,E95599060,18000,NEFT,,P,S35265658,3/13/2017
457745134,IDIB000T044,,05390100001302,E95599060,3000,NEFT,,P,S52321031,3/20/2017
457745134,IDIB000T044,,05390100001302,E95599060,2000,NEFT,,P,S52328919,3/20/2017
457745134,ORBC0100535,,05390100001302,E95599060,635,NEFT,,P,S89584479,2/20/2017
457745134,ORBC0100836,,05390100001302,E95599060,25000,NEFT,,P,S16093793,3/3/2017
457745134,ORBC0100836,,05390100001302,E95599060,25000,NEFT,,P,S17212632,3/4/2017
457745134,ORBC0100836,,05390100001302,E95599060,1000,NEFT,,P,S63256125,2/7/2017
457745134,ORBC0100836,,05390100001302,E95599060,25000,NEFT,,P,S65422330,2/8/2017
457745134,ORBC0100836,,05390100001302,E95599060,25000,NEFT,,P,S87468579,1/2/2017
457745134,SBIN0008676,,05390100001302,E95599060,20000,NEFT,loan,P,S90328181,7/4/2017
457745134,SBIN0008676,,05390100001302,E95599060,25000,NEFT,,P,S17217403,3/4/2017
457745134,SBIN0008676,,05390100001302,E95599060,15000,NEFT,,P,S49170992,5/3/2017
457745134,SBIN0008676,,05390100001302,E95599060,25000,NEFT,,P,S65421894,2/8/2017
457745134,SBIN0008676,,05390100001302,E95599060,25000,NEFT,,P,S87406070,1/2/2017
457745134,SBIN0008676,,05390100001302,E95599060,15000,NEFT,,P,S88209809,4/5/2017
457745134,SBIN0008676,,05390100001302,E95599060,25000,NEFT,,P,S91002814,1/4/2017
457745134,SBIN0011068,,05390100001302,E95599060,1050,NEFT,,P,S14360655,3/3/2017
458746135,BARB0AURANG,,04600100001303,XW69016602,514.99,NEFT,NEFT-HDFC STD LIFE INSU C,P,S10569979,3/1/2017
458746135,BARB0AURANG,,04600100001303,XW69016602,277288.09,NEFT,NEFT-HDFC STD LIFE INSU C,P,S10567335,3/1/2017
458746135,BARB0AURANG,,04600100001303,XW69016602,165000,NEFT,NEFT-BIRLA SUNLIFE NEFT A,P,S53923113,2/3/2017
458746135,BARB0SAHAUR,,04600100001303,GM94001281,4883.93,NEFT,NEFT-HDFC LONG TERM ADVAN,P,S29571670,6/7/2017
458746135,BARB0SAHAUR,,04600100001303,XW69016602,15000,NEFT,NEFT-LIC Aurangabad8246,P,S56748781,8/1/2017
458746135,BARB0SAHAUR,,04600100001303,GM94001281,18000,NEFT,NEFT-Mrs  MANJUSHA MADHAV,P,S38722517,6/12/2017
458746135,BARB0SAHAUR,,04600100001303,GM94001281,159.79,NEFT,NEFT-AMWAY INDIA ENTERPRI,P,S90134957,4/6/2017
458746135,BARB0SAHAUR,,04600100001303,GM94001281,160.66,NEFT,NEFT-AMWAY INDIA ENTERPRI,P,S77276924,8/9/2017
458746135,BARB0SAHAUR,,04600100001303,GM94001281,4807.81,NEFT,NEFT-HDFC MUTUAL FUND-UNC,P,S94045241,5/23/2017
458746135,HDFC0001453,,04600100001303,E95599060,70000,NEFT,NEFT,P,S31071302,4/25/2017
458746135,HDFC0001453,,04600100001303,E95599060,90000,NEFT,NEFT,P,S54236687,2/3/2017
458746135,HDFC0001453,,04600100001303,E95599060,40000,NEFT,NEFT,P,S61748656,5/8/2017
458746135,IBKL0000076,,04600100001303,E95599060,5000,NEFT,NEFT,P, S5067330,2/27/2017
459747136,ICIC0006240,,04800100001305,E95599060,2500,NEFT,NEFT,P,S13094272,3/2/2017
459747136,ICIC0006240,,04800100001305,E95599060,2500,NEFT,NEFT,P,S92246718,1/4/2017
459747136,ICIC0006240,,04800100001305,E95599060,2500,NEFT,NEFT,P,S98441560,4/10/2017
459747136,PMCB0000232,,04800100001305,E95599060,3500,NEFT,NEFT,P,S57179494,2/4/2017
459747136,SBIN0006180,,04800100001305,E95599060,8000,NEFT,NEFT,P,S13387155,1/13/2017
459747136,SBIN0006180,,04800100001305,E95599060,8000,NEFT,NEFT,P,S52571756,2/2/2017
459747136,SBIN0006180,,04800100001305,E95599060,19000,NEFT,NEFT,P,S79223271,3/31/2017
459747136,SBIN0006180,,04800100001305,E95599060,8000,NEFT,NEFT,P, S9882865,3/1/2017
460748137,BARB0JALGAO,,04800100001307,N917810430,20000,NEFT,NEFT-ANAND RATHI SHARE AN,P,S98143781,5/25/2017
460748137,BARB0JALGAO,,04800100001307,N917810430,14140,NEFT,NEFT-LIC Nashik,P,S83991595,4/3/2017
460748137,BARB0JALGAO,,04800100001307,N917810430,260,NEFT,NEFT-SBI DIVIDEND PAYMENT,P,S49144071,6/16/2017
460748137,MAHB0000004,,04800100001307,E9205955623,1500,NEFT,,P, S4282366,2/27/2017
460748137,MAHB0000004,,04800100001307,E9205955623,1000,NEFT,,P,S66931140,3/27/2017
460748137,MAHB0000004,,04800100001307,E9205955623,3000,NEFT,,P,S67028126,3/27/2017
460748137,MAHB0000004,,04800100001307,E9205955623,1000,NEFT,,P,S35947896,4/27/2017
460748137,MAHB0000004,,04800100001307,E9205955623,3000,NEFT,,P,S36270251,1/25/2017
460748137,MAHB0000004,,04800100001307,E9205955623,1500,NEFT,,P,S39918327,1/27/2017
460748137,SBIN0012689,,04800100001307,E9205955623,6000,NEFT,,P, S4281393,2/27/2017
460748137,SBIN0012689,,04800100001307,E9205955623,2500,NEFT,,P, S4281425,2/27/2017
460748137,SBIN0012689,,04800100001307,E9205955623,4000,NEFT,,P,S67024981,3/27/2017
460748137,SBIN0012689,,04800100001307,E9205955623,3000,NEFT,,P,S67025090,3/27/2017
460748137,SBIN0012689,,04800100001307,E9205955623,3000,NEFT,,P,S36271530,1/25/2017
460748137,SBIN0012689,,04800100001307,E9205955623,1500,NEFT,,P,S39916178,1/27/2017
460748137,SBIN0012689,,04800100001307,E9205955623,3200,NEFT,,P,S43450074,3/16/2017
460748137,SBIN0012689,,04800100001307,E9205955623,800,NEFT,,P,S66045670,2/8/2017
460748137,SBIN0012689,,04800100001307,E9205955623,3000,NEFT,,P,S93298331,4/7/2017
460748137,SBIN0012689,,04800100001307,E95599060,1100,NEFT,trf,P,S21438586,1/18/2017
460748137,UTIB0000174,,04800100001307,E95599060,950,NEFT,NEFT,P,S60831634,2/6/2017
461749138,BARB0GANGAP,,01160100001310,6218197552,67800,NEFT,NEFT-LIC Jaipur DO2,P, S7612858,2/28/2017
461749138,ICIC0000253,,01160100001310,E95599060,100000,NEFT,NEFT,P, S6274712,5/29/2017
461749138,ICIC0000253,,01160100001310,6218145541,200000,RTGS,,S, S4947220,5/29/2017
462750139,BARB0PBBHAL,,09670100001312,9Q183250709,3479.61,NEFT,NEFT-UTI MUTUAL FUND PAYM,P,S39626220,7/25/2017
462750139,BARB0PBBHAL,,09670100001312,9Q183250709,1975.46,NEFT,NEFT-BARODA PIONEER GR FU,P,S77167722,3/30/2017
462750139,BARB0PBBHAL,,09670100001312,9Q183250709,28375.23,NEFT,NEFT-BARODA PIONEER GROWT,P,S30814374,6/8/2017
462750139,BARB0PBBHAL,,09670100001312,9Q183250709,433.13,NEFT,NEFT-Mumbai Regional Offi,P,S75521416,3/30/2017
462750139,BARB0SHAHUP,,09670100001312,LY46851246,1478.85,NEFT,NEFT-BARODA PIONEER ELSS,P,S79155164,3/31/2017
462750139,ICIC0000008,,09670100001312,E95599060,10000,NEFT,karvy,P,S69173356,8/5/2017
462750139,ICIC0000008,,09670100001312,E95599060,1000,NEFT,Karvy Trial,P,S17789670,7/15/2017
462750139,SBIN0008860,,09670100001312,E95599060,600,NEFT,personal,P,S30608806,4/25/2017
462750139,SBIN0008860,,09670100001312,E95599060,6500,NEFT,personal,P,S49151610,5/3/2017
462750139,SBIN0008860,,09670100001312,E95599060,9000,NEFT,salary,P,S95493066,5/24/2017
462750139,SBIN0008860,,09670100001312,E95599060,1500,NEFT,,P,S97524919,2/23/2017
463751140,BARB0HALDWA,,09670100001315,Q718428443,22500,NEFT,NEFT-ASTRAZENECA PHARMA I,P,S55121419,2/3/2017
463751140,BARB0HALDWA,,09670100001315,Q718428443,400000,RTGS,DHAMI COMPUTER   COMMUNICATION,P, S1422129,4/11/2017
463751140,SBIN0000646,,09670100001315,E95599060,700000,NEFT,NEFT,P,S23248598,4/21/2017
464752141,BARB0BHUJXX,,03730100011316,L818724976,569.22,NEFT,NEFT-MYNTRA DESIGNS PVT,P,S63511004,5/9/2017
464752141,BARB0BHUJXX,,03730100011316,L818724976,1399,NEFT,NEFT-MYNTRA DESIGNS PVT,P,S63477358,5/9/2017
464752141,BARB0BHUJXX,,03730100011316,L818724976,1399,NEFT,NEFT-MYNTRA DESIGNS PVT,P,S63477817,5/9/2017
464752141,BARB0BHUJXX,,03730100011316,L818724976,1155.11,NEFT,NEFT-MYNTRA DESIGNS PVT,P,S63476473,5/9/2017
464752141,BARB0BHUJXX,,03730100011316,L818724976,1399,NEFT,NEFT-MYNTRA DESIGNS PVT,P,S63477885,5/9/2017
464752141,BARB0BHUJXX,,03730100011316,L818724976,852.05,NEFT,NEFT-MYNTRA DESIGNS PVT,P,S63480051,5/9/2017
464752141,BARB0BHUJXX,,03730100011316,L818724976,1699.09,NEFT,NEFT-MYNTRA DESIGNS PVT L,P,S27503902,1/20/2017
464752141,BARB0BHUJXX,,03730100011316,L818724976,665,NEFT,NEFT-NOVARRIS FASHION TRA,P,S42901520,3/16/2017
464752141,BARB0BHUJXX,,03730100011316,L818724976,1296.89,NEFT,NEFT-NOVARRIS FASHION TRA,P,S79626438,5/16/2017
464752141,BARB0BHUJXX,,03730100011316,L818724976,2499,NEFT,NEFT-NOVARRIS FASHION TRA,P,S12163236,6/1/2017
464752141,BARB0BHUJXX,,03730100011316,L818724976,630,NEFT,NEFT-NOVARRIS FASHION TRA,P,S80666420,8/10/2017
464752141,BARB0BHUJXX,,03730100011316,L818724976,631.5,NEFT,NEFT-NOVARRIS FASHION TRA,P,S86051175,5/19/2017
464752141,BARB0BHUJXX,,03730100011316,L818724976,621.19,NEFT,NEFT-NOVARRIS FASHION TRA,P,S80666886,8/10/2017
464752141,BARB0BHUJXX,,03730100011316,L818724976,1157.75,NEFT,NEFT-NOVARRIS FASHION TRA,P,S99422486,5/26/2017
464752141,BARB0BHUJXX,,03730100011316,L818724976,1008,NEFT,NEFT-NOVARRIS FASHION TRA,P,S72306455,8/7/2017
464752141,BARB0BHUJXX,,03730100011316,L818724976,2105,NEFT,NEFT-NOVARRIS FASHION TRA,P,S99421368,5/26/2017
464752141,BARB0BHUJXX,,03730100011316,L818724976,985.5,NEFT,NEFT-NOVARRIS FASHION TRA,P, S6251383,4/13/2017
464752141,BARB0BHUJXX,,03730100011316,L818724976,1452.45,NEFT,NEFT-NOVARRIS FASHION TRA,P, S6938079,5/30/2017
464752141,BARB0BHUJXX,,03730100011316,L818724976,567,NEFT,NEFT-NOVARRIS FASHION TRA,P,S42902139,3/16/2017
464752141,BARB0BHUJXX,,03730100011316,L818724976,2866.5,NEFT,NEFT-NOVARRIS FASHION TRA,P,S12162888,6/1/2017
464752141,BARB0BHUJXX,,03730100011316,L818724976,621.2,NEFT,NEFT-NOVARRIS FASHION TRA,P,S80666491,8/10/2017
464752141,BARB0BHUJXX,,03730100011316,L818724976,971.99,NEFT,NEFT-NOVARRIS FASHION TRA,P,S99422066,5/26/2017
464752141,BARB0BHUJXX,,03730100011316,L818724976,316061.93,NEFT,NEFT-ICICI PRUDENTIAL LIF,P,S55802493,3/21/2017
464752141,HDFC0000204,,03730100011316,E95599060,68101,NEFT,NEFT,P,S36458532,1/25/2017
464752141,UTIB0000058,,03730100011316,E95599060,6038,NEFT,nvc 000000713 nilesh chande annual,P,S20580452,3/6/2017
465753142,BARB0BHUKUT,,25450100001320,C134099073,10000,NEFT,NEFT-PRAMOD MAHADEV JADHA,P,S18125860,3/4/2017
465753142,BARB0BHUKUT,,25450100001320,C134099073,15000,NEFT,NEFT-PRAMOD MAHADEV JADHA,P,S34209615,1/24/2017
465753142,BARB0BHUKUT,,25450100001320,C134099073,3850,NEFT,NEFT-LICRAJKOT,P,S21471302,4/20/2017
465753142,BARB0BHUKUT,,25450100001320,C134099073,220,NEFT,NEFT-LICRAJKOT,P,S43263167,6/13/2017
465753142,BARB0BHUKUT,,25450100001320,C134099073,990,NEFT,NEFT-LICRAJKOT,P,S88017921,5/20/2017
466754143,BARB0SILIGU,,07800100001321,R919080488,27477.72,NEFT,NEFT-UTI MUTUAL FUND PAYM,P,S39406880,7/25/2017
466754143,BARB0SILIGU,,07800100001321,R919071938,10000,NEFT,NEFT-ARUN KUMAR DUTTA,P,S90166565,1/3/2017
467755144,BARB0ASANSO,,00430100001323,WR19875103,29316.4,NEFT,NEFT-L   T INFRA BOND 201,P,S62788773,3/24/2017
468756145,BARB0VADVIS,,24230100001327,JN19830746,500000,NEFT,NEFT-Co operative Thrift,P,S75986516,2/13/2017
468756145,BARB0VADVIS,,24230100001327,JN19830746,175000,NEFT,NEFT-P MALATHI LATHA,P,S40600526,1/27/2017
468756145,HDFC0000318,,24230100001327,E95599060,79500,NEFT,NEFT,P, S6888885,4/13/2017
468756145,KARB0000798,,24230100001327,E95599060,70000,NEFT,NEFT,P,S24497387,1/19/2017
468756145,SBHY0020380,,24230100001327,E95599060,35500,NEFT,NEFT,P,S90893513,4/6/2017
469757146,BARB0VADVIS,,14180100011328,JN19836253,12640,NEFT,NEFT-UIIC-PAYMENTS,P,S43138348,7/26/2017
469757146,SCBL0036001,,14180100011328,E9205955623,5000,NEFT,,P,S23996628,7/18/2017
469757146,SCBL0036001,,14180100011328,E9205955623,9000,NEFT,,P,S24029009,7/18/2017
469757146,SCBL0036001,,14180100011328,E9205955623,215,NEFT,,P,S31625600,4/25/2017
469757146,SCBL0036001,,14180100011328,E9205955623,4150,NEFT,,P,S31630559,4/25/2017
469757146,SCBL0036001,,14180100011328,E9205955623,1050,NEFT,,P,S55311961,3/21/2017
469757146,SCBL0036001,,14180100011328,E9205955623,300,NEFT,,P,S55319630,3/21/2017
470758147,BARB0CALICU,,06710100001332,NQ21679094,715.94,NEFT,NEFT-BARODA PIONEER ELSS,P,S79117627,3/31/2017
470758147,BARB0CALICU,,06710100001332,NQ21679094,170000,NEFT,NEFT-CALICUT CO OP FARMS,P,S50207922,2/1/2017
471759148,BARB0CHANOD,,09570100001334,5X21596791,2424,NEFT,NEFT-LIC OF INDIA IPP CEL,P,S50823284,2/1/2017
471759148,BARB0CHANOD,,09570100001334,5X21596791,2424,NEFT,NEFT-LIC OF INDIA IPP CEL,P, S6094662,1/10/2017
471759148,BARB0CHANOD,,09570100001334,5X21596791,2424,NEFT,NEFT-LIC OF INDIA IPP CEL,P,S44070615,5/1/2017
471759148,BARB0CHANOD,,09570100001334,5X21596791,2424,NEFT,NEFT-LIC OF INDIA IPP CEL,P,S83023818,4/3/2017
471759148,BARB0CHANOD,,09570100001334,5X21596791,2424,NEFT,NEFT-LIC OF INDIA IPP CEL,P, S8859982,3/1/2017
471759148,BARB0CHANOD,,09570100001334,5X21596791,2424,NEFT,NEFT-LIC OF INDIA IPP CEL,P,S56180163,8/1/2017
471759148,BARB0CHANOD,,09570100001334,5X21596791,2424,NEFT,NEFT-LIC OF INDIA IPP CEL,P, S6094744,1/10/2017
471759148,BARB0CHANOD,,09570100001334,5X21596791,2424,NEFT,NEFT-LIC OF INDIA IPP CEL,P,S12286316,6/1/2017
471759148,BARB0CHANOD,,09570100001334,5X21596791,2424,NEFT,NEFT-LIC OF INDIA IPP CEL,P,S83363323,7/1/2017
473761150,BARB0ROHTAK,,07520100001337,8K23147029,34675,NEFT,NEFT-LIC OF INDIA DO MEER,P,S23564706,4/21/2017
473761150,BARB0TRDROH,,07520100001337,MK22930520,14311.94,NEFT,NEFT-BARODA PIONEER GROWT,P,S72217021,3/29/2017
473761150,UTIB0002750,,07520100001337,E95599060,3108,NEFT,NEFT,P,S18929155,4/19/2017
473761150,UTIB0002750,,07520100001337,E95599060,3108,NEFT,NEFT,P, S9726390,5/31/2017
473761150,UTIB0002750,,07520100001337,E95599060,3108,NEFT,NEFT,P,S83183444,2/16/2017
474762151,UBIN0564044,,18750100001341,E95599060,50000,NEFT,NEFT,P,S24136801,7/18/2017
475763152,BARB0GANRAI,,06710100011344,M828907404,3654,NEFT,NEFT-UNITED INDIA - DEDIC,P,S27035896,1/20/2017
475763152,BARB0GANRAI,,06710100011344,M828907404,3983,NEFT,NEFT-UNITED INDIA - DEDIC,P, S4136748,1/9/2017
475763152,BARB0GEROAD,,06710100011344,LN214124453,25750,NEFT,NEFT-KRISHNA KANTA HAWALA,P,S15148123,3/3/2017
475763152,BARB0JAGDAL,,06710100011344,M828907404,5084,NEFT,NEFT-UIIC-PAYMENTS,P,S49953045,5/3/2017
475763152,CNRB0000270,,06710100011344,E95599060,5000,NEFT,Ram,P,S56184592,6/19/2017
476764153,BARB0CHACHA,,11070100001347,GP29982037,50000,NEFT,NEFT-RAJ KUMAR KOHLI,P, S8094866,1/11/2017
476764153,BARB0CHACHA,,11070100001347,GP29982037,50000,NEFT,NEFT-RAJ KUMAR KOHLI,P,S72918000,3/29/2017
476764153,BARB0CHACHA,,11070100001347,GP29982037,75.18,NEFT,NEFT-Mumbai Regional Offi,P,S81457001,5/17/2017
476764153,CNRB0003728,,11070100001347,E9205955623,9000,NEFT,,P,S63365902,5/9/2017
476764153,CNRB0003728,,11070100001347,E9205955623,8000,NEFT,,P,S87014363,7/3/2017
476764153,ICIC0000012,,11070100001347,E95599060,500,NEFT,no,P,S28846023,7/20/2017
476764153,ICIC0000031,,11070100001347,E9205955623,40000,NEFT,,P,S21049463,3/6/2017
476764153,INDB0000044,,11070100001347,E95599060,18000,NEFT,Chopra jee,P,S74626480,8/8/2017
476764153,SBIN0001751,,11070100001347,E95599060,2440,NEFT,ticket Refund,P,S58776925,6/20/2017
476764153,SBIN0010826,,11070100001347,E9205955623,5200,NEFT,,P,S21055427,3/6/2017
476764153,SBIN0010826,,11070100001347,E9205955623,5200,NEFT,,P,S43611138,5/1/2017
476764153,SBIN0010826,,11070100001347,E9205955623,5200,NEFT,,P,S51508443,2/2/2017
476764153,SBIN0010826,,11070100001347,E9205955623,10000,NEFT,,P,S87009149,7/3/2017
476764153,SBIN0010826,,11070100001347,E9205955623,5200,NEFT,,P,S88464726,1/3/2017
476764153,SBIN0010826,,11070100001347,E95599060,14000,NEFT,car loan,P,S53891355,7/31/2017
476764153,SBIN0012188,,11070100001347,E95599060,1000,NEFT,NOC,P,S30026945,7/20/2017
476764153,SBIN0030278,,11070100001347,E95599060,30000,NEFT,NEFT,P,S24383288,1/19/2017
476764153,UBIN0563781,,11070100001347,E9205955623,30000,NEFT,,P,S79913610,8/10/2017
476764153,UBIN0563781,,11070100001347,E9205955623,25000,NEFT,,P,S80465724,2/15/2017
476764153,UBIN0563781,,11070100001347,E9205955623,100000,NEFT,,P,S25801732,3/8/2017
476764153,UBIN0563781,,11070100001347,E9205955623,5000,NEFT,,P,S88041241,2/18/2017
476764153,UBIN0563781,,11070100001347,E95599060,10000,NEFT,payments,P,S62808636,8/3/2017
476764153,UTIB0002501,,11070100001347,E95599060,20000,NEFT,no,P,S78085269,8/9/2017
477765154,BARB0SAMART,,04610100001349,5M30688426,2346,NEFT,NEFT-UIIC-PAYMENTS,P,S16060074,4/18/2017
477765154,BARB0SAMART,,04610100001349,5M30688426,1993,NEFT,NEFT-UIIC HEALTH PAYMENTS,P,S48127129,7/28/2017
477765154,BARB0SAMART,,04610100001349,5M30688426,653,NEFT,NEFT-UIIC-PAYMENTS,P,S49990259,5/3/2017
477765154,BARB0SAMART,,04610100001349,5M30688426,653,NEFT,NEFT-UIIC-PAYMENTS,P,S57435461,6/19/2017
477765154,BARB0SAMART,,04610100001349,5M30688426,653,NEFT,NEFT-UNITED INDIA - DEDIC,P,S64503718,2/7/2017
477765154,BARB0SAMART,,04610100001349,5M30688426,75.18,NEFT,NEFT-Mumbai Regional Offi,P,S81605420,5/17/2017
478766155,BARB0ALLEPP,,07600100001353,B229387904,5000,NEFT,NEFT-MANISH NAIR,P,S51921044,2/2/2017
478766155,CORP0000172,,07600100001353,E95599060,2906,NEFT,NEFT,P,S45348684,7/27/2017
478766155,IOBA0000648,,07600100001353,E95599060,2660,NEFT,NEFT,P,S23077372,4/21/2017
478766155,KKBK0000958,,07600100001353,E95599060,7246,NEFT,NEFT,P,S98042257,2/23/2017
478766155,SBTR0000075,,07600100001353,E95599060,10000,NEFT,NEFT,P,S29484398,3/9/2017
478766155,SBTR0000215,,07600100001353,E95599060,15000,NEFT,NEFT,P,S73020586,3/29/2017
478766155,SYNB0004109,,07600100001353,E95599060,7719,NEFT,NEFT,P,S44729339,7/27/2017
478766155,UCBA0000996,,07600100001353,E95599060,21000,NEFT,NEFT,P,S17535877,1/16/2017
481769158,BARB0SHIMOG,,09240100001370,DE32525235,1286000,RTGS,SRI SHARADA VIVIDHODDESHA SOUHARD,P,S94095086,4/7/2017
481769158,KARB0000705,,09240100001370,E95599060,250000,NEFT,NEFT,P,S88517774,4/5/2017
481769158,KARB0000705,,09240100001370,E95599060,260000,NEFT,NEFT,P,S94342768,4/7/2017
481769158,SBMY0040580,,09240100001370,DE32178267,700000,RTGS,,S,S88003721,4/5/2017
481769158,UTIB0001597,,09240100001370,E95599060,100000,NEFT,NEFT,P,S28718306,4/24/2017
482770159,SBIN0001533,,14470100001372,E9205955623,1000,NEFT,,P,S40309480,7/25/2017
482770159,SBIN0001533,,14470100001372,E9205955623,1000,NEFT,,P,S93116394,2/21/2017
483771160,ANDB0000045,,06070100001374,E95599060,50000,NEFT,NEFT,P,S34984634,1/24/2017
483771160,BARB0CHELLU,,06070100001374,8G35888398,16000,NEFT,NEFT-Neerukonda Sripathi,P,S15273973,7/14/2017
483771160,BARB0CHELLU,,06070100001374,8G35888398,32000,NEFT,NEFT-SHREE GOWTHAMI RICE,P,S84926872,5/18/2017
483771160,SBIN0018023,,06070100001374,E9205955623,5000,NEFT,,P,S27050082,6/6/2017
483771160,SBIN0018023,,06070100001374,E9205955623,35000,NEFT,,P,S31324805,6/8/2017
483771160,SBIN0018023,,06070100001374,E95599060,5000,NEFT,NEFT,P,S97885229,2/23/2017
485773162,BARB0SAJJAN,,08720100001378,CP54763719,38110,NEFT,NEFT-DTA,P,S60304900,2/6/2017
485773162,BARB0SAJJAN,,08720100001378,CP54763719,36040,NEFT,NEFT-DTA,P,S14816344,3/3/2017
485773162,BARB0SAJJAN,,08720100001378,CP54763719,43110,NEFT,NEFT-DTA,P,S89258454,4/5/2017
485773162,BARB0SAJJAN,,08720100001378,CP54763719,43708,NEFT,NEFT-DTA,P,S54123479,5/5/2017
485773162,BARB0SAJJAN,,08720100001378,CP54763719,38110,NEFT,NEFT-DTA,P,S86433142,1/2/2017
485773162,BARB0SAJJAN,,08720100001378,CP54763719,42941,NEFT,NEFT-Kushalgarh,P,S84439963,7/1/2017
485773162,BARB0SAJJAN,,08720100001378,CP54763719,42941,NEFT,NEFT-Kushalgarh,P,S84921340,7/1/2017
485773162,BARB0SAJJAN,,08720100001378,CP54763719,44516,NEFT,NEFT-Kushalgarh,P,S59294115,8/2/2017
486774163,BARB0SAJJAN,,08720100001380,CP54765729,1500,NEFT,NEFT-DINESH JAIN,P,S23936830,3/7/2017
486774163,BARB0SAJJAN,,08720100001380,CP54765729,30500,NEFT,NEFT-HIRABHAI DAYABHAI MA,P,S57465619,3/22/2017
487775164,BARB0BASIKI,,16480100001381,WN152156385,15000,NEFT,NEFT-LIC MF REDEMPTION AC,P,  S577964,4/11/2017
487775164,ORBC0100906,,16480100001381,E95599060,25000,NEFT,sg,P,S78790623,3/31/2017
487775164,SBIN0000688,,16480100001381,E95599060,1000,NEFT,sg,P,S44335917,7/27/2017
488776165,BARB0BAMBRU,,04800100001389,V358117008,24610.91,NEFT,NEFT-BARODA PIONEER ELSS,P,S25602723,6/6/2017
488776165,BARB0BAMBRU,,04800100001389,V358117008,27727.39,NEFT,NEFT-BARODA PIONEER GROWT,P,S25602361,6/6/2017
488776165,BARB0BAMBRU,,04800100001389,V358117008,34710.92,NEFT,NEFT-BARODA PIONEER GROWT,P,S25602803,6/6/2017
488776165,BARB0BAMBRU,,04800100001389,V358117008,4557.88,NEFT,NEFT-BARODA PIONEER ELSS,P,S79101928,3/31/2017
488776165,BARB0RINGRO,,04800100001389,LU118347961,3900,NEFT,NEFT-DEVENDRA BHAGWANSING,P,S18552394,6/3/2017
488776165,BARB0RINGRO,,04800100001389,LU118347961,4000,NEFT,NEFT-DEVENDRA BHAGWANSING,P, S6438437,4/13/2017
488776165,CBIN0280709,,04800100001389,E95599060,99200,NEFT,NEFT,P,S44459516,3/16/2017
488776165,ICIC00JDCCB,,04800100001389,E95599060,291720,NEFT,NEFT,P,S73304703,3/29/2017
488776165,SBIN0016834,,04800100001389,E95599060,2070,NEFT,NEFT,P,S86584126,5/19/2017
490778167,BARB0SECGUR,,01070100011394,CB112700964,1000000,RTGS,INDRA DEVI,P,S62128326,6/21/2017
490778167,BARB0SECGUR,,01070100011394,CB112700964,120549,NEFT,NEFT-LIC OF INDIA DO DELH,P,S15905356,3/3/2017
490778167,BARB0SECGUR,,01070100011394,CB112700964,1625,NEFT,NEFT-SARNATH GALLERY,P,S77738569,2/14/2017
490778167,HDFC0000339,,01070100011394,CB112630054,1880728,RTGS,,S,S76358265,6/28/2017
491779168,BARB0CHANDN,,01060100001397,CY43152976,19471,NEFT,NEFT-UIIC-PAYMENTS,P,S57435358,6/19/2017
491779168,UBIN0539198,,01060100001397,E95599060,75950,NEFT,NEFT,P,S32429851,1/23/2017
492780169,BARB0HINDAU,,07000100011402,2820306085,722400,NEFT,NEFT-LIC Jaipur DO2,P,S44973454,1/30/2017
492780169,PUNB0028800,,07000100011402,E95599060,204408,NEFT,NEFT,P,S39551430,1/27/2017
492780169,UTBI0HNCL30,,07000100011402,E95599060,20000,NEFT,labour thekedar,P,S13053746,1/13/2017
494782171,BARB0BLYDEF,,27170100011406,IB74648429,38667.45,NEFT,NEFT-TEMPLETON-INC FUND R,P,S90668529,2/20/2017
494782171,UTIB0000250,,27170100011406,E95599060,39413,NEFT,NEFT,P,S88312301,5/20/2017
495783172,SBIN00CARDS,,18490100001407,E9205955623,7133,NEFT,,P,S53300369,7/31/2017
495783172,SBIN00CARDS,,18490100001407,E9205955623,20210,NEFT,,P,S10514048,3/1/2017
495783172,SBIN00CARDS,,18490100001407,E9205955623,49954,NEFT,,P,S39829623,1/27/2017
495783172,SBIN00CARDS,,18490100001407,E9205955623,9724,NEFT,,P,S40450129,4/29/2017
495783172,SBIN00CARDS,,18490100001407,E9205955623,21643,NEFT,,P,S68184312,3/27/2017
495783172,SBIN00CARDS,,18490100001407,E9205955623,49292,NEFT,,P, S6964216,5/30/2017
495783172,SYNB0000498,,18490100001407,E9205955623,35000,NEFT,,P, S3581224,4/12/2017
495783172,SYNB0000498,,18490100001407,E9205955623,21700,NEFT,,P,S43508939,3/16/2017
495783172,SYNB0000498,,18490100001407,E9205955623,21700,NEFT,,P,S57309218,8/1/2017
496784173,BARB0ULLOOR,,24520100011408,PG115140797,2866,NEFT,NEFT-UIIC HEALTH PAYMENTS,P,S81239396,8/10/2017
496784173,BARB0ULLOOR,,24520100011408,PG115140797,3127,NEFT,NEFT-UNITED INDIA - DEDIC,P,S99105371,2/23/2017
496784173,BARB0VANTRI,,24520100011408,9M46264249,29658,NEFT,NEFT-AKBAR ONLINE BOOKING,P,S77098685,5/15/2017
496784173,BARB0VANTRI,,24520100011408,9M46264249,29316.4,NEFT,NEFT-L   T INFRA BOND 201,P,S62776437,3/24/2017
496784173,SIBL0000484,,24520100011408,E95599060,100000,NEFT,NEFT,P,S91067219,4/6/2017
497785174,BARB0BANGAL,,01570100011414,D637358845,107.11,NEFT,NEFT-BARODA PIONEER ELSS,P,S77188133,3/30/2017
497785174,BARB0BANGAL,,01570100011414,D637358845,63710.22,NEFT,NEFT-BIRLA SUNLIFE NEFT A,P,S36491746,7/24/2017
497785174,BARB0BANGAL,,01570100011414,D637358845,71.5,NEFT,NEFT-Mumbai Regional Offi,P,S75021755,8/8/2017
497785174,BARB0BANGAL,,01570100011414,D637358845,71.5,NEFT,NEFT-Mumbai Regional Offi,P,S65871942,2/8/2017
497785174,BARB0BANGAL,,01570100011414,D637358845,71.5,NEFT,NEFT-Mumbai Regional Offi,P,S65870036,2/8/2017
497785174,BARB0BANGAL,,01570100011414,D637358845,71.5,NEFT,NEFT-Mumbai Regional Offi,P,S75022613,8/8/2017
498786175,BARB0CUDDAP,,09970100001417,EG94007685,200000,NEFT,NEFT-ETTAPU ARUNA,P,S28217024,1/21/2017
498786175,BARB0CUDDAP,,09970100001417,EG94007685,200000,NEFT,NEFT-ETTAPU ARUNA,P,S32957437,1/23/2017
498786175,BARB0NANDYA,,09970100001417,JZ38534081,25000,NEFT,NEFT-LIC INDIA D065,P,S23791901,3/7/2017
498786175,BARB0NANDYA,,09970100001417,JZ38534081,5000,NEFT,NEFT-VENKATA SUDHAKAR THI,P,S28923299,3/9/2017
498786175,BARB0NANDYA,,09970100001417,JZ38534081,5000,NEFT,NEFT-VENKATA SUDHAKAR THI,P,S66176627,5/10/2017
498786175,BARB0NANDYA,,09970100001417,JZ38534081,5000,NEFT,NEFT-VENKATA SUDHAKAR THI,P,S99330353,4/10/2017
498786175,BARB0NANDYA,,09970100001417,JZ38534081,5000,NEFT,NEFT-VENKATA SUDHAKAR THI,P,S70483864,2/10/2017
498786175,BARB0NANDYA,,09970100001417,JZ38534081,4300,NEFT,NEFT-VENKATA SUDHAKAR THI,P, S2702714,1/9/2017
498786175,BARB0NANDYA,,09970100001417,JZ38534081,3800,NEFT,NEFT-VENKATA SUDHAKAR THI,P,S98251035,7/7/2017
498786175,HDFC0000704,,09970100001417,E95599060,16800,NEFT,purchase of water purifier,P,S37538900,7/24/2017
498786175,IOBA0000572,,09970100001417,E95599060,7000,NEFT,vineel fee,P, S3724743,7/10/2017
498786175,IOBA0000572,,09970100001417,E95599060,7000,NEFT,vineel fee,P,S79847391,8/10/2017
498786175,IOBA0000572,,09970100001417,E95599060,4000,NEFT,vineel rent,P,C00935145,4/10/2017
498786175,IOBA0000572,,09970100001417,E95599060,4000,NEFT,vineel rent,P,C00937716,4/10/2017
498786175,IOBA0000572,,09970100001417,E95599060,7000,NEFT,vineel fee,P,S33992277,6/9/2017
498786175,IOBA0000572,,09970100001417,E95599060,6000,NEFT,vineel fee,P,S68935822,5/11/2017
498786175,IOBA0000572,,09970100001417,E95599060,7000,NEFT,vineel rent,P,S32138974,3/10/2017
498786175,SBIN0000830,,09970100001417,E9205955623,4000,NEFT,,P, S2639457,1/9/2017
498786175,SBIN0000830,,09970100001417,E9205955623,8000,NEFT,,P,S40259046,3/15/2017
498786175,SBIN0000830,,09970100001417,E9205955623,8920,NEFT,,P,S23060642,6/5/2017
498786175,SBIN0000830,,09970100001417,E9205955623,4240,NEFT,,P,S70370129,2/10/2017
498786175,SBIN0001197,,09970100001417,E9205955623,7000,NEFT,,P, S4990917,1/10/2017
498786175,SBIN0001197,,09970100001417,E9205955623,2000,NEFT,,P,S68181506,5/11/2017
498786175,SBIN0001197,,09970100001417,E9205955623,2000,NEFT,,P,S98344462,4/10/2017
498786175,SBIN0001197,,09970100001417,E9205955623,2000,NEFT,,P,S40259083,3/15/2017
498786175,SBIN0001197,,09970100001417,E9205955623,2000,NEFT,,P,S23064276,6/5/2017
498786175,SBIN0001197,,09970100001417,E9205955623,2000,NEFT,,P,S91312985,2/20/2017
498786175,SBIN0001880,,09970100001417,E9205955623,7000,NEFT,,P, S2639468,1/9/2017
498786175,SBIN0001902,,09970100001417,E9205955623,27750,NEFT,,P,S64458748,5/9/2017
498786175,SBIN0001902,,09970100001417,E9205955623,27750,NEFT,,P,S64462894,5/9/2017
498786175,SBIN0016484,,09970100001417,E9205955623,18350,NEFT,,P,S46614989,1/31/2017
498786175,SBIN0016484,,09970100001417,E9205955623,19345,NEFT,,P,S53110731,7/31/2017
498786175,SBIN0016484,,09970100001417,E9205955623,18750,NEFT,,P,S98344114,4/10/2017
498786175,SBIN0016484,,09970100001417,E9205955623,18550,NEFT,,P,S25811645,3/8/2017
498786175,SBIN0016484,,09970100001417,E9205955623,19150,NEFT,,P,S23049907,6/5/2017
498786175,SBIN0016484,,09970100001417,E9205955623,19050,NEFT,,P,S63587619,5/9/2017
498786175,SBIN0017092,,09970100001417,E95599060,25000,NEFT,amar,P,S32264774,1/23/2017
499787176,BARB0PEROOR,,29860100001419,3840455327,4000,NEFT,NEFT-BAHRAIN EXCHANGE COM,P,S63914845,2/7/2017
499787176,BARB0PEROOR,,29860100001419,3840455327,11000,NEFT,NEFT-DR ABHILASH P R,P,S28605126,4/24/2017
499787176,BARB0PEROOR,,29860100001419,3840455327,3600,NEFT,NEFT-DR ABHILASH P R,P,S36934443,3/13/2017
499787176,BARB0PEROOR,,29860100001419,3840455327,10900,NEFT,NEFT-DR ABHILASH P R,P,S37275888,7/24/2017
499787176,BARB0PEROOR,,29860100001419,3840455327,22000,NEFT,NEFT-DR ABHILASH P R,P,S70524850,3/28/2017
499787176,BARB0PEROOR,,29860100001419,3840455327,18000,NEFT,NEFT-DR ABHILASH P R,P, S7336489,7/11/2017
499787176,BARB0PEROOR,,29860100001419,3840455327,5000,NEFT,NEFT-DR ABHILASH P R,P,S54597169,2/3/2017
499787176,BARB0PEROOR,,29860100001419,3840455327,5000,NEFT,NEFT-DR ABHILASH P R,P,S86248479,4/4/2017
499787176,BARB0PEROOR,,29860100001419,38216687938,175000,NEFT,NEFT-DR ABHILASH P R,P,S66247973,2/8/2017
499787176,BARB0PEROOR,,29860100001419,3840455327,5000,NEFT,NEFT-DR ABHILASH P R,P,S89211011,1/3/2017
499787176,BARB0PEROOR,,29860100001419,3840455327,11000,NEFT,NEFT-DR ABHILASH P R,P,S33850928,6/9/2017
499787176,BARB0PEROOR,,29860100001419,3840455327,13000,NEFT,NEFT-DR ABHILASH P R,P,S49623250,5/3/2017
499787176,BARB0PEROOR,,29860100001419,3840455327,11000,NEFT,NEFT-DR ABHILASH P R,P,S83613097,5/18/2017
499787176,BARB0PEROOR,,29860100001419,3840455327,3000,NEFT,NEFT-DR ABHILASH P R,P,S36838435,1/25/2017
499787176,BARB0PEROOR,,29860100001419,3840455327,11000,NEFT,NEFT-DR ABHILASH P R,P,S62208990,3/24/2017
499787176,BARB0PEROOR,,29860100001419,3840455327,12000,NEFT,NEFT-DR ABHILASH P R,P,S95867914,2/22/2017
499787176,BARB0PEROOR,,29860100001419,3840455327,5000,NEFT,NEFT-DR ABHILASH P R,P,S12315108,3/2/2017
499787176,BARB0PEROOR,,29860100001419,3840455327,12000,NEFT,NEFT-DR ABHILASH P R,P,S15280309,7/14/2017
499787176,IBKL0046T01,,29860100001419,E95599060,25000,NEFT,smile,P,S59711627,8/2/2017
499787176,IBKL0046T01,,29860100001419,E95599060,25000,NEFT,Smile,P,S59708391,8/2/2017
499787176,IBKL0046T01,,29860100001419,E95599060,25000,NEFT,Smile,P,S65272054,8/4/2017
499787176,SBIN0013313,,29860100001419,E95599060,3030,NEFT,Dr Abhilash P.R,P,S83405406,8/11/2017
500788177,BARB0RAMDHU,,18740100011421,1056535482,37.59,NEFT,NEFT-Mumbai Regional Offi,P,S81606324,5/17/2017
500788177,ICIC0000005,,18740100011421,E95599060,6500,NEFT,,P,S48803890,6/15/2017
500788177,ICIC0000986,,18740100011421,E95599060,1000,NEFT,,P,S42927955,1/30/2017
502790179,IBKL0000163,,01060100011428,E95599060,30000,NEFT,NEFT,P,S90615306,4/6/2017
502790179,PUNB0767300,,01060100011428,E95599060,4000,NEFT,NEFT,P,S67362478,3/27/2017
502790179,SBIN0004172,,01060100011428,E95599060,2330,NEFT,NEFT,P,S16009569,6/2/2017
503791180,BARB0BHOTAL,,00730100011432,VI230529738,23000,NEFT,NEFT-AMIT PRAKASH S/O GYA,P,S40175938,3/15/2017
503791180,BARB0RAMKAR,,00730100011432,ZG84958328,3000,NEFT,NEFT-AMIT PRAKASH S/O GYA,P,S29350593,1/21/2017
504792181,UBIN0560383,,30460100001437,E95599060,17000,NEFT,NEFT,P,S13349871,1/13/2017
504792181,UBIN0560383,,30460100001437,E95599060,24000,NEFT,NEFT,P,S20217155,1/17/2017
504792181,UBIN0560383,,30460100001437,E95599060,45000,NEFT,NEFT,P,S32682957,1/23/2017
504792181,UBIN0560383,,30460100001437,E95599060,20000,NEFT,NEFT,P,S40089303,1/27/2017
504792181,UBIN0560383,,30460100001437,E95599060,20000,NEFT,NEFT,P, S5100278,2/27/2017
504792181,UBIN0560383,,30460100001437,E95599060,21000,NEFT,NEFT,P,S52604092,2/2/2017
504792181,UBIN0560383,,30460100001437,E95599060,26000,NEFT,NEFT,P, S6004118,1/10/2017
504792181,UBIN0560383,,30460100001437,E95599060,11000,NEFT,NEFT,P,S61606116,2/6/2017
504792181,UBIN0560383,,30460100001437,E95599060,23000,NEFT,NEFT,P,S76205563,2/13/2017
504792181,UBIN0560383,,30460100001437,E95599060,22000,NEFT,NEFT,P,S81218350,2/15/2017
504792181,UBIN0560383,,30460100001437,E95599060,35000,NEFT,NEFT,P,S86203194,1/2/2017
504792181,UBIN0560383,,30460100001437,E95599060,36000,NEFT,NEFT,P,S96951488,1/6/2017
505793182,BARB0KALYAN,,04260100011439,NF93113388,1000,NEFT,NEFT-BARODA PIONEER MF SI,P,S79070359,6/29/2017
506794183,BARB0RAISIN,,12160100011441,VJ116243772,1081,NEFT,NEFT-BARODA PIONEER GROWT,P,S67961678,2/9/2017
506794183,BARB0RAISIN,,12160100011441,VJ116243772,4000,NEFT,NEFT-RAMAN KUMAR,P,S94153553,1/5/2017
506794183,SBBJ0010157,,12160100011441,E95599060,100,NEFT,trf,P,S20963418,3/6/2017
506794183,SBIN0006327,,12160100011441,E95599060,500,NEFT,djdj,P,S38533749,3/14/2017
506794183,SBIN0006327,,12160100011441,E95599060,100,NEFT,gh,P,S43479579,3/16/2017
506794183,SBIN0006327,,12160100011441,E95599060,100,NEFT,trf,P,S20682329,3/6/2017
506794183,SBIN0006327,,12160100011441,E95599060,100,NEFT,trf,P,S20803966,3/6/2017
509797186,BARB0VIRARW,,32840100001451,Q171969154,150000,NEFT,NEFT-SHARP TOOLS,P, S4056175,2/27/2017
509797186,BARB0VIRARW,,32840100001451,Q171969154,10000,NEFT,NEFT-SHARP TOOLS,P,S44430145,6/14/2017
509797186,BARB0VIRARW,,32840100001451,Q171969154,10000,NEFT,NEFT-SHARP TOOLS,P,S70622859,2/10/2017
509797186,BARB0VIRARW,,32840100001451,Q171969154,50000,NEFT,NEFT-SHARP TOOLS,P,S44311799,7/27/2017
509797186,BARB0VIRARW,,32840100001451,Q171969154,10000,NEFT,NEFT-SHARP TOOLS,P,S28416726,3/9/2017
509797186,BARB0VIRARW,,32840100001451,Q171969154,20000,NEFT,NEFT-SHARP TOOLS,P,S32949309,4/26/2017
509797186,BARB0VIRARW,,32840100001451,Q171969154,20000,NEFT,NEFT-SHARP TOOLS,P,S36648770,1/25/2017
509797186,BARB0VIRARW,,32840100001451,Q171969154,150000,NEFT,NEFT-SHARP TOOLS,P,S72218034,3/29/2017
509797186,BARB0VIRARW,,32840100001451,Q171969154,10000,NEFT,NEFT-SHARP TOOLS,P,S98883402,1/7/2017
509797186,BARB0VIRARW,,32840100001451,Q171969154,10000,NEFT,NEFT-SHARP TOOLS,P,S65532712,8/4/2017
509797186,BARB0VIRARW,,32840100001451,Q171969154,10000,NEFT,NEFT-SHARP TOOLS,P,S68059239,5/11/2017
509797186,BKID0002047,,32840100001451,E9205955623,25000,NEFT,,P,S81392373,6/30/2017
509797186,HDFC0000060,,32840100001451,E95599060,3000,NEFT,NEFT,P,S26396449,6/6/2017
509797186,HDFC0000060,,32840100001451,E9205955623,11990,NEFT,,P,S17583031,7/15/2017
510798187,BARB0GSROAD,,31380100001452,J075883466,500000,RTGS,NIPPON COMMERCIAL SY,P,S21520557,3/6/2017
511799188,BARB0DLFGUR,,30290100001453,HK76155189,181000,NEFT,NEFT-IBUSER-KUSUMRAI,P,S79661001,5/16/2017
511799188,BARB0DLFGUR,,30290100001453,HK76155189,100000,NEFT,NEFT-AKASH GUPTA,P,S72248333,5/12/2017
511799188,BARB0DLFGUR,,30290100001453,HK76155189,150000,NEFT,NEFT-AJAY KUMAR CHAUHAN,P,S64191797,5/9/2017
511799188,BARB0DLFGUR,,30290100001453,HK76155189,50000,NEFT,NEFT-AJAY KUMAR CHAUHAN,P,S65820825,5/10/2017
511799188,BARB0DLFGUR,,30290100001453,HK76155189,8000,NEFT,NEFT-AJAY KUMAR CHAUHAN,P,S64135628,2/7/2017
511799188,BARB0DLFGUR,,30290100001453,HK76155189,8000,NEFT,NEFT-AJAY KUMAR CHAUHAN,P,S40170018,3/15/2017
511799188,BARB0DLFGUR,,30290100001453,HK76155189,8000,NEFT,NEFT-AJAY KUMAR CHAUHAN,P,S85549880,4/4/2017
511799188,BARB0DLFGUR,,30290100001453,HK76155189,8000,NEFT,NEFT-AJAY KUMAR CHAUHAN,P,S96710941,1/6/2017
511799188,BARB0DLFGUR,,30290100001453,HK76155189,190000,NEFT,NEFT-SANJEEV KUMAR RAI,P,S39634529,7/25/2017
511799188,BARB0DLFGUR,,30290100001453,HK76155189,100000,NEFT,NEFT-SANJEEV KUMAR RAI,P,S47616503,1/31/2017
511799188,BARB0DLFGUR,,30290100001453,HK76155189,50000,NEFT,NEFT-SANJEEV KUMAR RAI,P,S50159305,5/3/2017
511799188,BARB0DLFGUR,,30290100001453,HK76155189,120000,NEFT,NEFT-SANJEEV KUMAR RAI,P,S54147845,7/31/2017
511799188,BARB0DLFGUR,,30290100001453,HK76155189,110000,NEFT,NEFT-SANJEEV KUMAR RAI,P,S10970649,5/31/2017
511799188,BARB0DLFGUR,,30290100001453,HK76155189,23371,NEFT,NEFT-SANJEEV KUMAR RAI,P, S3631147,7/10/2017
511799188,BARB0DLFGUR,,30290100001453,HK76155189,265000,NEFT,NEFT-SANJEEV KUMAR RAI,P,S79600016,5/16/2017
511799188,BARB0DLFGUR,,30290100001453,HK76155189,80000,NEFT,NEFT-SANJEEV KUMAR RAI,P, S7834017,2/28/2017
511799188,BARB0DLFGUR,,30290100001453,HK76155189,75000,NEFT,NEFT-SANJEEV KUMAR RAI,P,S79054729,3/31/2017
511799188,BARB0DLFGUR,,30290100001453,HK76155189,29417,NEFT,NEFT-SANJEEV KUMAR RAI,P,S29967606,6/7/2017
511799188,BARB0DLFGUR,,30290100001453,HK76155189,50000,NEFT,NEFT-SANJEEV KUMAR RAI,P,S61710034,3/24/2017
511799188,CITI0000003,,30290100001453,E9205955623,28230,NEFT,,P,S23071416,6/5/2017
511799188,CITI0000003,,30290100001453,E9205955623,2000,NEFT,,P,S54138173,7/31/2017
511799188,CITI0000003,,30290100001453,E9205955623,41570,NEFT,,P,S65472522,8/4/2017
511799188,HDFC0000485,,30290100001453,E9205955623,8400,NEFT,,P,S31677769,7/21/2017
511799188,HDFC0000485,,30290100001453,E9205955623,23000,NEFT,,P,S76687860,5/15/2017
511799188,HDFC0000485,,30290100001453,E9205955623,117500,NEFT,,P,S77715398,8/9/2017
511799188,IBKL0000109,,30290100001453,HK27441267,530000,RTGS,,S,S79217141,5/16/2017
511799188,ICIC0000831,,30290100001453,E9205955623,1000,NEFT,,P,S39559921,7/25/2017
511799188,ICIC0000831,,30290100001453,E9205955623,99000,NEFT,,P,S39894893,7/25/2017
513801190,BARB0TIRUTN,,33410100001458,WD77967009,10000,NEFT,NEFT-KRISHNAVENI GOPINATH,P,S26082860,6/6/2017
513801190,BARB0TIRUTN,,33410100001458,WD77967009,5430.94,NEFT,NEFT-ABLAZE INFO SOLUTION,P,S33822827,1/24/2017
513801190,BARB0TIRUTN,,33410100001458,WD77967009,5865.41,NEFT,NEFT-ABLAZE INFO SOLUTION,P,S89148678,1/3/2017
513801190,BARB0TIRUTN,,33410100001458,WD77967009,3581.5,NEFT,NEFT-ABLAZE INFO SOLUTION,P,S97050370,1/6/2017
513801190,ICIC0001075,,33410100001458,E95599060,38000,NEFT,NEFT,P, S8351646,1/11/2017
513801190,IOBA0000097,,33410100001458,E95599060,100000,NEFT,NEFT,P,S26763099,1/20/2017
513801190,IOBA0002858,,33410100001458,E95599060,28000,NEFT,NEFT,P,S16330427,7/14/2017
514802191,ANDB0000535,,12700100001459,E9205955623,10000,NEFT,,P,S81303417,8/10/2017
514802191,BARB0ASILME,,12700100001459,T480376458,4714,NEFT,NEFT-UIIC-PAYMENTS,P,S68383531,3/27/2017
514802191,BARB0ASILME,,12700100001459,T480376458,1200,NEFT,NEFT-UIIC-PAYMENTS,P,S68273328,3/27/2017
514802191,BARB0ASILME,,12700100001459,T480376458,7088,NEFT,NEFT-UIIC-PAYMENTS,P,S99365259,5/26/2017
514802191,BARB0ASILME,,12700100001459,T480376458,641,NEFT,NEFT-LIC INDIA P005,P,S44952070,5/1/2017
514802191,BARB0ASILME,,12700100001459,T480376458,641,NEFT,NEFT-LIC INDIA P005,P,S13297314,6/1/2017
514802191,BARB0ASILME,,12700100001459,T480376458,641,NEFT,NEFT-LIC INDIA P005,P,S84899426,7/1/2017
514802191,BARB0ASILME,,12700100001459,T480376458,641,NEFT,NEFT-LIC INDIA P005,P,S10007499,3/1/2017
514802191,BARB0ASILME,,12700100001459,T480376458,641,NEFT,NEFT-LIC INDIA P005,P,S85040478,4/3/2017
514802191,BARB0ASILME,,12700100001459,T480376458,641,NEFT,NEFT-LIC INDIA P005,P,S50087483,2/1/2017
514802191,BARB0ASILME,,12700100001459,T480376458,641,NEFT,NEFT-LIC INDIA P005,P,S57098403,8/1/2017
514802191,BARB0ASILME,,12700100001459,T480376458,641,NEFT,NEFT-LIC INDIA P005,P,S86660829,1/2/2017
514802191,UCBA0000491,,12700100001459,E9205955623,12000,NEFT,,P,S46233193,5/2/2017
514802191,UCBA0000491,,12700100001459,E9205955623,3000,NEFT,,P,S98124910,7/7/2017
514802191,UCBA0000491,,12700100001459,E9205955623,2600,NEFT,,P,S75958163,5/15/2017
514802191,UTIB0000441,,12700100001459,E95599060,10000,NEFT,NEFT,P,S32586157,1/23/2017
514802191,VIJB0004801,,12700100001459,E9205955623,10000,NEFT,,P, S3637052,7/10/2017
514802191,VIJB0004801,,12700100001459,E9205955623,18730,NEFT,,P,S54185463,5/5/2017
515803192,BARB0CAMURL,,11260100001460,H6137413166,45,NEFT,NEFT-TECH MAHINDRA LIMITE,P,S74824416,8/8/2017
515803192,BARB0CAMURL,,11260100001460,H6137413166,52,NEFT,NEFT-SBI DIVIDEND PAYMENT,P,S49688661,6/16/2017
515803192,YESB0MCCBHO,,11260100001460,E95599060,18500,NEFT,NEFT,P,S21210538,4/20/2017
516804193,PUNB0262000,,01650100001463,E95599060,25000,NEFT,transfr,P,S43198078,3/16/2017
517805194,BKID0003311,,08880100001468,E95599060,100000,NEFT,NEFT,P,S28906665,4/24/2017
518806195,BARB0MAJIWA,,04240100011476,N38720101,15500,NEFT,NEFT-ANURADHA AWASTHI,P,S83231454,4/3/2017
518806195,BARB0MAJIWA,,04240100011476,N38720101,15500,NEFT,NEFT-ANURADHA AWASTHI,P,S83501547,7/1/2017
518806195,BARB0MAJIWA,,04240100011476,N38720101,15500,NEFT,NEFT-ANURADHA AWASTHI,P,S46149928,5/2/2017
518806195,BARB0MAJIWA,,04240100011476,N38720101,15500,NEFT,NEFT-ANURADHA AWASTHI,P,S15128378,6/2/2017
518806195,BARB0MAJIWA,,04240100011476,N38720101,15500,NEFT,NEFT-ANURADHA AWASTHI,P,S59108799,8/2/2017
518806195,BARB0MAJIWA,,04240100011476,N38720101,30000,NEFT,NEFT-NEERAJ AWASTHI,P,S85484539,2/17/2017
518806195,BARB0MAJIWA,,04240100011476,N38720101,45000,NEFT,NEFT-NEERAJ AWASTHI,P,S85495457,2/17/2017
518806195,BARB0MAJIWA,,04240100011476,N38720101,10000,NEFT,NEFT-SHAMBHAVI RAMKUMAR,P,S11935747,3/2/2017
518806195,BARB0MAJIWA,,04240100011476,N38720101,20000,NEFT,NEFT-SHAMBHAVI RAMKUMAR,P,S86669111,1/2/2017
518806195,BARB0THANAX,,04240100011476,N38720101,216.56,NEFT,NEFT-CENTRAL DEPOSITORY S,P,S78875372,3/31/2017
518806195,BARB0THANAX,,04240100011476,N38720101,30772.4,NEFT,NEFT-L  T INFRA BOND  201,P, S5263673,1/10/2017
518806195,FDRL0001681,,04240100011476,E95599060,50000,NEFT,NEFT,P, S6419009,4/13/2017
518806195,FDRL0001681,,04240100011476,E95599060,8000,NEFT,NEFT,P,   S56198,5/26/2017
518806195,FDRL0001681,,04240100011476,E95599060,70000,NEFT,NEFT,P,S54549244,5/5/2017
518806195,FDRL0001681,,04240100011476,E95599060,50000,NEFT,NEFT,P,S28528212,4/24/2017
518806195,FDRL0001681,,04240100011476,E95599060,15000,NEFT,NEFT,P,S40877976,4/29/2017
518806195,FDRL0001681,,04240100011476,E95599060,35000,NEFT,NEFT,P,S40928743,4/29/2017
518806195,PUNB0432700,,04240100011476,E95599060,2000,NEFT,NEFT,P,S15257319,6/2/2017
518806195,SBIN0011672,,04240100011476,E95599060,14000,NEFT,NEFT,P,S31566449,3/10/2017
519807196,BARB0VIRARW,,29040100001481,Q1137715860,4800,NEFT,NEFT-GANESH STEEL PRODUCT,P,S23930753,3/7/2017
519807196,BARB0VIRARW,,29040100001481,Q1137715860,4800,NEFT,NEFT-GANESH STEEL PRODUCT,P,S62042988,5/8/2017
519807196,BARB0VIRARW,,29040100001481,Q1137715860,4800,NEFT,NEFT-GANESH STEEL PRODUCT,P,S19191822,6/3/2017
519807196,BARB0VIRARW,,29040100001481,Q1137715860,4800,NEFT,NEFT-GANESH STEEL PRODUCT,P, S4475730,4/12/2017
519807196,BARB0VIRARW,,29040100001481,Q1137715860,4800,NEFT,NEFT-GANESH STEEL PRODUCT,P,S61197915,2/6/2017
519807196,BKID0000035,,29040100001481,E95599060,2000,NEFT,NEFT,P,S58077896,5/6/2017
519807196,HDFC0000146,,29040100001481,E95599060,1000,NEFT,NEFT,P,S38946181,3/14/2017
519807196,ICIC0006237,,29040100001481,E95599060,15000,NEFT,NEFT,P,S58074128,5/6/2017
519807196,SBIN0002184,,29040100001481,E95599060,14000,NEFT,NEFT,P,S78779401,3/31/2017
520808197,BARB0SOHNAR,,01070100011486,Z178659405,1099,NEFT,NEFT-M/S.TV 18 HOME SHOPP,P,S96080408,7/6/2017
520808197,BARB0SOHNAR,,01070100011486,Z178659405,28729.22,NEFT,NEFT-BARODA PIONEER TREAS,P,S14908558,7/14/2017
522810199,HDFC0000240,,08780100011489,E95599060,11000,NEFT,NEFT,P,S68672293,8/5/2017
522810199,SYNB0005483,,08780100011489,E9205955623,1400,NEFT,,P,S52249387,3/20/2017
522810199,SYNB0005483,,08780100011489,E9205955623,100000,NEFT,,P,S99721946,5/26/2017
523811200,BARB0AKKAYY,,24230100001491,LA160146259,4065.47,NEFT,NEFT-BARODA PIONEER ELSS,P,S79156443,3/31/2017
523811200,BARB0AKKAYY,,24230100001491,LA160146259,45000,NEFT,NEFT-HEMANATH CH,P, S6999855,7/11/2017
523811200,BARB0AKKAYY,,24230100001491,LA160146259,80000,NEFT,NEFT-HEMANATH  CHENDURTHI,P,S91654924,5/22/2017
523811200,BARB0AKKAYY,,24230100001491,LA160146259,184.53,NEFT,NEFT-Mumbai Regional Offi,P, S7534832,5/30/2017
523811200,ICIC0000103,,24230100001491,E9205955623,5031,NEFT,,P,S69224058,2/9/2017
523811200,ICIC0000103,,24230100001491,E9205955623,4500,NEFT,,P,S23045367,3/7/2017
523811200,ICIC0000103,,24230100001491,E9205955623,6200,NEFT,,P,S88555592,1/3/2017
523811200,ICIC0000103,,24230100001491,E9205955623,2100,NEFT,,P,S96587971,7/6/2017
523811200,SBIN0003255,,24230100001491,E9205955623,8000,NEFT,,P,S85725987,4/4/2017
523811200,SBIN0010614,,24230100001491,E9205955623,25000,NEFT,,P,S66159159,2/8/2017
523811200,SBIN0010614,,24230100001491,E9205955623,1000,NEFT,,P,S82646766,2/16/2017
523811200,SBIN0010614,,24230100001491,E9205955623,8000,NEFT,,P,S85724311,4/4/2017
523811200,SBIN0RRAPGB,,24230100001491,E9205955623,20000,NEFT,,P,S74850040,8/8/2017
523811200,SBIN0RRAPGB,,24230100001491,E9205955623,100000,NEFT,,P,S90678867,2/20/2017
524812201,PKGB0010995,,09240100001494,E95599060,10000,NEFT,NEFT,P,S59358469,3/23/2017
526814203,BARB0KAREDA,,06320100001497,8W108570241,1000,NEFT,NEFT-RELIANCE PAYMENT SOL,P, S2574083,1/9/2017
526814203,BARB0KAREDA,,06320100001497,8W108570241,2000,NEFT,NEFT-RELIANCE PAYMENT SOL,P,S84127691,2/16/2017
526814203,BARB0VAISHA,,06320100001497,TI171906521,19673.78,NEFT,NEFT-BARODA PIONEER GROWT,P,S44289593,6/14/2017
526814203,BARB0VAISHA,,06320100001497,TI171906521,3436.76,NEFT,NEFT-BARODA PIONEER ELSS,P,S79189397,3/31/2017
527815204,BARB0SALEMX,,06080100001500,P7180401618,1000,NEFT,NEFT-BARODA PIONEER MF SI,P,S32533752,3/10/2017
527815204,BARB0SALEMX,,06080100001500,7P97888930,1348.68,NEFT,NEFT-BARODA PIONEER BALAN,P,S35574618,4/27/2017
527815204,BARB0SALEMX,,06080100001500,7P108260644,1000,NEFT,NEFT-Mr  MOORTHY  J,P,S93773300,4/7/2017
527815204,BARB0SALEMX,,06080100001500,7P108260644,10000,NEFT,NEFT-SUNITHA  T,P,S61524227,2/6/2017
527815204,IOBA0000834,,06080100001500,E9205955623,800,NEFT,,P,S36547839,7/24/2017
529817206,BARB0AJMERX,,01230100011504,RI99122916,86.63,NEFT,NEFT-Mumbai Regional Offi,P,S75541860,3/30/2017
529817206,BARB0AJMERX,,01230100011504,RI99122916,20000,NEFT,NEFT-SUDHIR KUMAR S O SH,P,S40480965,3/15/2017
529817206,BARB0AJMERX,,01230100011504,RI99122916,20000,NEFT,NEFT-SUDHIR KUMAR S O SH,P,S40481336,3/15/2017
529817206,BKID0006770,,01230100011504,E9205955623,10000,NEFT,,P, S9937082,4/15/2017
529817206,PSIB0000075,,01230100011504,E95599060,2000,NEFT,neelam sandeep account,P,S47493397,7/28/2017
529817206,PSIB0021159,,01230100011504,E95599060,14000,NEFT,,P,S42379395,1/30/2017
529817206,STBP0001466,,01230100011504,E95599060,5000,NEFT,,P,S19384950,3/6/2017
529817206,STBP0001466,,01230100011504,E95599060,3000,NEFT,,P,S42377313,1/30/2017
530818207,BARB0VIRARW,,32840100001505,Q199468611,21000,NEFT,NEFT-MR SATISH SHYAMSUNDE,P,S45496693,1/30/2017
530818207,BARB0VIRARW,,32840100001505,Q199468611,30000,NEFT,NEFT-MR SATISH SHYAMSUNDE,P,S98759185,7/7/2017
530818207,BARB0VIRARW,,32840100001505,Q199468611,12000,NEFT,NEFT-MR SATISH SHYAMSUNDE,P,S21379684,7/17/2017
530818207,BARB0VIRARW,,32840100001505,Q199468611,6000,NEFT,NEFT-MR SATISH SHYAMSUNDE,P,S56760647,6/19/2017
530818207,BARB0VIRARW,,32840100001505,Q199468611,5000,NEFT,NEFT-MR SATISH SHYAMSUNDE,P, S7941753,7/11/2017
530818207,BARB0VIRARW,,32840100001505,Q199468611,25000,NEFT,NEFT-MR SATISH SHYAMSUNDE,P,S16173189,4/18/2017
530818207,BARB0VIRARW,,32840100001505,Q199468611,20000,NEFT,NEFT-MR SATISH SHYAMSUNDE,P,S81431210,6/30/2017
530818207,BARB0VIRARW,,32840100001505,Q199468611,10000,NEFT,NEFT-MR SATISH SHYAMSUNDE,P,S90523572,5/22/2017
531819208,SBIN0002698,,27470100001507,E95599060,5000,NEFT,NEFT,P,S82728918,2/16/2017
532820209,BARB0GANJBA,,38920100001509,TK104454133,154281,NEFT,NEFT-MARKETING SOSAYTI GA,P,S45091240,7/27/2017
532820209,PUNB0068000,,38920100001509,E95599060,1700,NEFT,lic,P,S54763472,5/5/2017
532820209,SBIN0030076,,38920100001509,E95599060,10000,NEFT,cp,P,S14499029,3/3/2017
532820209,SBIN0030076,,38920100001509,E95599060,7000,NEFT,cp,P,S50142632,6/16/2017
532820209,SBIN0030076,,38920100001509,E95599060,20000,NEFT,cp,P, S5842919,4/13/2017
532820209,SBIN0030076,,38920100001509,E95599060,20000,NEFT,cp,P,S70345440,3/28/2017
532820209,SBIN0030076,,38920100001509,E95599060,10000,NEFT,cp,P,S72492789,3/29/2017
533821210,ALLA0210203,,38980200001510,E95599060,17000,NEFT,NEFT,P,S59238876,6/20/2017
533821210,ANDB0002743,,38980200001510,E95599060,400000,NEFT,NEFT,P,S18097434,3/4/2017
533821210,BARB0KARNAR,,38980200001510,TI106636056,150000,NEFT,NEFT-MADHU SUNIL NARANG,P,S97465477,1/6/2017
533821210,BARB0KARNAR,,38980200001510,TI106636056,495556,RTGS,ABDULHUSAIN SHAIKHBHAI AND SONS,P,S26812232,3/8/2017
533821210,BARB0KARNAR,,38980200001510,TI106636056,680000,RTGS,ABDULHUSAIN SHAIKHBHAI AND SONS,P,S75878949,3/30/2017
533821210,BARB0KARNAR,,38980200001510,TI207051474,1030000,RTGS,ARUN,P,S73037959,3/29/2017
533821210,BARB0KARNAR,,38980200001510,TI207051474,25000,NEFT,NEFT-ARUN KUMAR RAI,P,S52288694,6/17/2017
533821210,BARB0KARNAR,,38980200001510,TI207051474,756000,RTGS,ARUN KUMAR RAI,P,S15693430,4/18/2017
533821210,BARB0KARNAR,,38980200001510,TI207051474,847000,RTGS,ARUN KUMAR RAI,P, S6752357,4/13/2017
533821210,BARB0KARNAR,,38980200001510,TI207051474,724066,RTGS,BETUL OIL LIMITED,P,S10446720,4/15/2017
533821210,BARB0KARNAR,,38980200001510,TI106636056,300000,RTGS,BHATIYA TRADERS,P,S13264882,1/13/2017
533821210,BARB0KARNAR,,38980200001510,TI106636056,209971.25,RTGS,BHATIYA TRADERS,P,S23615474,4/21/2017
533821210,BARB0KARNAR,,38980200001510,TI106636056,270000,RTGS,BHATIYA TRADERS,P,S23654531,3/7/2017
533821210,BARB0KARNAR,,38980200001510,TI106636056,760000,RTGS,BHATIYA TRADERS,P,S24183332,3/7/2017
533821210,BARB0KARNAR,,38980200001510,TI106636056,299971.25,RTGS,BHATIYA TRADERS,P,S33655429,4/26/2017
533821210,BARB0KARNAR,,38980200001510,TI106636056,200000,RTGS,BHATIYA TRADERS,P,S39877417,1/27/2017
533821210,BARB0KARNAR,,38980200001510,TI106636056,240000,RTGS,BHATIYA TRADERS,P,S43413791,3/16/2017
533821210,BARB0KARNAR,,38980200001510,TI106636056,299971.25,RTGS,BHATIYA TRADERS,P,S49725029,5/3/2017
533821210,BARB0KARNAR,,38980200001510,TI106636056,449971.25,RTGS,BHATIYA TRADERS,P,S63973527,5/9/2017
533821210,BARB0KARNAR,,38980200001510,TI106636056,399971.25,RTGS,BHATIYA TRADERS,P,S71696695,5/12/2017
533821210,BARB0KARNAR,,38980200001510,TI106636056,400000,RTGS,BHATIYA TRADERS,P, S8425951,1/11/2017
533821210,BARB0KARNAR,,38980200001510,TI106636056,600000,RTGS,BHATIYA TRADERS,P,S89164346,1/3/2017
533821210,BARB0KARNAR,,38980200001510,TI106636056,700000,RTGS,BHATIYA TRADERS,P,S91671893,1/4/2017
533821210,BARB0KARNAR,,38980200001510,TI106636056,900000,RTGS,BHATIYA TRADERS,P,S94684969,1/5/2017
533821210,BARB0KARNAR,,38980200001510,TI106636056,200000,RTGS,BHATIYA TRADERS KARELI,P,S24278003,1/19/2017
533821210,BARB0KARNAR,,38980200001510,TI207051474,513005,NEFT,NEFT-SATYENDRA FOOD PRODU,P,  S196016,5/26/2017
533821210,BARB0KARNAR,,38980200001510,TI207051474,211343,RTGS,GOEL FOOD PRODUCTS,P,S12751258,4/17/2017
533821210,BARB0KARNAR,,38980200001510,TI207051474,225088,RTGS,GOEL FOOD PRODUCTS,P,  S727166,4/11/2017
533821210,BARB0KARNAR,,38980200001510,TI207051474,269800,RTGS,GOPAL ENTERPRISES,P,S13417245,7/13/2017
533821210,BARB0KARNAR,,38980200001510,TI207051474,400000,RTGS,GOPAL ENTERPRISES,P,S71683001,5/12/2017
533821210,BARB0KARNAR,,38980200001510,TI207051474,1030000,RTGS,GOPAL ENTERPRISES,P,S73362212,8/7/2017
533821210,BARB0KARNAR,,38980200001510,TI207051474,500000,RTGS,GOPAL ENTERPRISES,P,S79394504,5/16/2017
533821210,BARB0KARNAR,,38980200001510,TI207051474,725000,RTGS,GOPAL ENTERPRISES,P,S84011280,5/18/2017
533821210,BARB0KARNAR,,38980200001510,TI207051474,600000,RTGS,GOPAL ENTERPRISES,P,S91071664,7/4/2017
533821210,BARB0KARNAR,,38980200001510,TI207051474,413200,RTGS,GOPAL ENTERPRISES,P,S97693833,5/25/2017
533821210,BARB0KARNAR,,38980200001510,TI106636056,380828,NEFT,NEFT-MAHAVEER TRADERS,P,S81622262,2/15/2017
533821210,BARB0KARNAR,,38980200001510,TI106636056,411063,NEFT,NEFT-MAHESH KUMAR MANGILA,P,S58100020,2/4/2017
533821210,BARB0KARNAR,,38980200001510,TI106636056,316477,RTGS,MAHESH KUMAR MANGILAL MALVIYA,P,S38818675,4/28/2017
533821210,BARB0KARNAR,,38980200001510,TI106636056,324000,RTGS,M P BROTHERS,P,S13344630,4/17/2017
533821210,BARB0KARNAR,,38980200001510,TI106636056,659675,RTGS,M P BROTHERS,P,S59564990,3/23/2017
533821210,BARB0KARNAR,,38980200001510,TI106636056,249971.25,RTGS,M/S BHATIYA TRADERS,P,S81049885,5/17/2017
533821210,BARB0KARNAR,,38980200001510,TI106636056,500000,NEFT,NEFT-BHATIYA TRADERS,P,S54967683,3/21/2017
533821210,BARB0KARNAR,,38980200001510,TI106636056,214971.25,NEFT,NEFT-BHATIYA TRADERS,P,S67805352,3/27/2017
533821210,BARB0KARNAR,,38980200001510,TI106636056,299971.25,NEFT,NEFT-BHATIYA TRADERS,P,S54984479,5/5/2017
533821210,BARB0KARNAR,,38980200001510,TI106636056,219971.25,NEFT,NEFT-BHATIYA TRADERS,P,S91373002,5/22/2017
533821210,BARB0KARNAR,,38980200001510,TI106636056,299971.25,NEFT,NEFT-BHATIYA TRADERS,P,S10928569,4/15/2017
533821210,BARB0KARNAR,,38980200001510,TI106636056,299971.25,NEFT,NEFT-BHATIYA TRADERS,P, S4232866,4/12/2017
533821210,BARB0KARNAR,,38980200001510,TI106636056,500000,RTGS,RS,P,S20647721,3/6/2017
533821210,BARB0KARNAR,,38980200001510,TI207051474,300028,RTGS,SANJAY TRADERS,P,S15425304,3/3/2017
533821210,BARB0KARNAR,,38980200001510,TI207051474,421553,RTGS,SATYENDRAFOODPRODUCTSPVTLTD,P,S15580461,6/2/2017
533821210,BARB0KARNAR,,38980200001510,TI207051474,553700,RTGS,SATYENDRAFOODPRODUCTSPVTLTD,P,S28500152,6/7/2017
533821210,BARB0KARNAR,,38980200001510,TI207051474,430830,RTGS,SATYENDRAFOODPRODUCTSPVTLTD,P,S41058264,4/29/2017
533821210,BARB0KARNAR,,38980200001510,TI207051474,347682,RTGS,SATYENDRAFOODPRODUCTSPVTLTD,P,S45050292,7/27/2017
533821210,BARB0KARNAR,,38980200001510,TI207051474,928188,RTGS,SATYENDRAFOODPRODUCTSPVTLTD,P, S4869817,5/29/2017
533821210,BARB0KARNAR,,38980200001510,TI207051474,859932,RTGS,SATYENDRAFOODPRODUCTSPVTLTD,P,S61678091,3/24/2017
533821210,BARB0KARNAR,,38980200001510,TI207051474,442960,RTGS,SATYENDRAFOODPRODUCTSPVTLTD,P, S6901770,5/30/2017
533821210,BARB0KARNAR,,38980200001510,TI207051474,861415,RTGS,SATYENDRAFOODPRODUCTSPVTLTD,P,S72616578,3/29/2017
533821210,BARB0KARNAR,,38980200001510,TI207051474,371087,RTGS,SATYENDRAFOODPRODUCTSPVTLTD,P,S73185837,6/27/2017
533821210,BARB0KARNAR,,38980200001510,TI207051474,1314687,RTGS,SATYENDRAFOODPRODUCTSPVTLTD,P,S78709058,3/31/2017
533821210,BARB0KARNAR,,38980200001510,TI207051474,925072,RTGS,SATYENDRAFOODPRODUCTSPVTLTD,P,S91034364,5/22/2017
533821210,BARB0KARNAR,,38980200001510,TI207051474,802110,RTGS,SATYENDRAFOODPRODUCTSPVTLTD,P, S9815502,5/31/2017
533821210,BARB0KARNAR,,38980200001510,TI207051474,207757,RTGS,SHREE BALA JI UDYOG,P,S12792979,4/17/2017
533821210,BARB0KARNAR,,38980200001510,TI207051474,214041,RTGS,SHREE BALA JI UDYOG,P,S23243060,4/21/2017
533821210,BARB0KARNAR,,38980200001510,TI207051474,422160,RTGS,SHREE BALA JI UDYOG,P,S61962167,3/24/2017
533821210,BARB0KARNAR,,38980200001510,TI207051474,452300,RTGS,SHREE BALA JI UDYOG,P,S88247216,4/5/2017
533821210,BARB0KARNAR,,38980200001510,TI207051474,459000,RTGS,SHREE BALA JI UDYOG,P,S98831430,4/10/2017
533821210,BARB0KARNAR,,38980200001510,TI207051474,1159750,RTGS,SHREE VEENA UDHYOG,P,S63903256,5/9/2017
533821210,BARB0KARNAR,,38980200001510,TI106636056,990000,RTGS,SINGAL TRADERS,P,S17666522,3/4/2017
533821210,BARB0KARNAR,,38980200001510,TI106636056,500000,RTGS,SINGAL TRADERS,P,S81132233,2/15/2017
533821210,BARB0KARNAR,,38980200001510,TI207051474,410903,RTGS,RETURN against RTGS transfer : BARBH17086863590,P,S68217073,3/27/2017
533821210,BARB0KARNAR,,38980200001510,TI207051474,410903,RTGS,RETURN against RTGS transfer : BARBH17087794339,P,S70307083,3/28/2017
533821210,BKID0009438,,38980200001510,E95599060,530540,NEFT,NEFT,P,S47330919,1/31/2017
533821210,BKID0009438,,38980200001510,E95599060,337500,NEFT,NEFT,P,S99428919,1/7/2017
533821210,CBIN0280736,,38980200001510,TI102289604,1200000,RTGS,,S,S64268697,5/9/2017
533821210,CBIN0280736,,38980200001510,TI102289604,904800,RTGS,,S,S69086369,5/11/2017
533821210,CBIN0280736,,38980200001510,E95599060,400000,NEFT,NEFT,P,S54510519,7/31/2017
533821210,CBIN0281005,,38980200001510,TI102289604,600000,RTGS,,S,S13580230,4/17/2017
533821210,CBIN0281005,,38980200001510,TI102289604,1000000,RTGS,,S,S39756282,6/12/2017
533821210,CBIN0281005,,38980200001510,E95599060,9000,NEFT,NEFT,P,S39464267,1/27/2017
533821210,CBIN0281005,,38980200001510,E95599060,90000,NEFT,NEFT,P,S39466297,1/27/2017
533821210,CBIN0281005,,38980200001510,E95599060,100000,NEFT,NEFT,P,S45356364,1/30/2017
533821210,CBIN0281005,,38980200001510,E95599060,80000,NEFT,NEFT,P,S47328687,1/31/2017
533821210,CBIN0281005,,38980200001510,E95599060,8000,NEFT,NEFT,P,S47332091,1/31/2017
533821210,CBIN0281005,,38980200001510,E95599060,5000,NEFT,NEFT,P,S83556506,2/16/2017
533821210,CBIN0281005,,38980200001510,E95599060,50000,NEFT,NEFT,P,S83558372,2/16/2017
533821210,CBIN0281005,,38980200001510,E95599060,25000,NEFT,NEFT,P,S89248340,1/3/2017
533821210,CBIN0281005,,38980200001510,E95599060,30000,NEFT,NEFT,P,S54525151,7/31/2017
533821210,CBIN0282277,,38980200001510,E95599060,90000,NEFT,NEFT,P,S10268661,5/31/2017
533821210,CBIN0282277,,38980200001510,E95599060,35000,NEFT,NEFT,P,S54521313,7/31/2017
533821210,CBIN0282315,,38980200001510,E95599060,53000,NEFT,NEFT,P,S89250675,1/3/2017
533821210,CBIN0282345,,38980200001510,E95599060,51300,NEFT,NEFT,P,S34825725,1/24/2017
533821210,CBIN0R20002,,38980200001510,E95599060,30000,NEFT,NEFT,P,S89246087,1/3/2017
533821210,CORP0003201,,38980200001510,E95599060,35000,NEFT,NEFT,P,S88800581,1/3/2017
533821210,HDFC0000219,,38980200001510,E95599060,15000,NEFT,NEFT,P,S96301912,2/22/2017
533821210,HDFC0000502,,38980200001510,E95599060,9000,NEFT,NEFT,P,S52224258,3/20/2017
533821210,HDFC0000502,,38980200001510,E95599060,4550,NEFT,NEFT,P,S54516334,7/31/2017
533821210,HDFC0000910,,38980200001510,E95599060,22000,NEFT,NEFT,P,S52226856,3/20/2017
533821210,HDFC0000910,,38980200001510,E95599060,6675,NEFT,NEFT,P,S62521889,8/3/2017
533821210,ORBC0101490,,38980200001510,E95599060,3410,NEFT,NEFT,P,S66725456,2/8/2017
533821210,PUNB0332400,,38980200001510,E95599060,30000,NEFT,NEFT,P,S24873804,1/19/2017
533821210,PUNB0642200,,38980200001510,E95599060,90000,NEFT,NEFT,P,S88793744,1/3/2017
533821210,SBIN0000372,,38980200001510,TI102289604,420000,RTGS,,S,S13525319,4/17/2017
533821210,SBIN0000372,,38980200001510,TI102289604,815294,RTGS,,S,S28432108,4/24/2017
533821210,SBIN0000372,,38980200001510,TI102289604,1286862,RTGS,,S, S3949038,4/12/2017
533821210,SBIN0000372,,38980200001510,TI102289604,821806,RTGS,,S,S67994786,3/27/2017
533821210,SBIN0000372,,38980200001510,TI102289604,821806,RTGS,,S,S70230663,3/28/2017
533821210,SBIN0000372,,38980200001510,TI102289604,821806,RTGS,,S,S70596822,3/28/2017
533821210,SBIN0000372,,38980200001510,TI102289604,856740,RTGS,,S,S90827670,4/6/2017
533821210,SBIN0001833,,38980200001510,E95599060,14800,NEFT,NEFT,P,S89243750,1/3/2017
533821210,SBIN0001833,,38980200001510,E95599060,350600,NEFT,NEFT,P,S91399950,4/6/2017
533821210,SBIN0002831,,38980200001510,TI102289604,805644,RTGS,,S,S13150742,6/1/2017
533821210,SBIN0002831,,38980200001510,TI102289604,898400,RTGS,,S, S5176232,5/29/2017
533821210,SBIN0002831,,38980200001510,E95599060,703940,NEFT,NEFT,P,S76921772,6/28/2017
533821210,SBIN0002860,,38980200001510,TI102289604,800000,RTGS,,S,S18008004,3/4/2017
533821210,SBIN0002860,,38980200001510,TI102289604,1012140,RTGS,,S,S13522229,4/17/2017
533821210,SBIN0002860,,38980200001510,TI102289604,1134000,RTGS,,S,  S265074,5/26/2017
533821210,SBIN0002860,,38980200001510,TI102289604,1486174,RTGS,,S,S59344330,3/23/2017
533821210,SBIN0002860,,38980200001510,TI102289604,2136740,RTGS,,S, S6416566,4/13/2017
533821210,SBIN0002860,,38980200001510,TI102289604,796394,RTGS,,S,S67991722,3/27/2017
533821210,SBIN0002860,,38980200001510,TI102289604,1100000,RTGS,,S,S85712237,5/19/2017
533821210,SBIN0002860,,38980200001510,TI102289604,919600,RTGS,,S,S93448408,5/23/2017
533821210,SBIN0002860,,38980200001510,TI102289604,1711150,RTGS,,S,S98498342,4/10/2017
533821210,SBIN0002860,,38980200001510,E95599060,250000,NEFT,NEFT,P, S7399137,5/30/2017
533821210,SBIN0002860,,38980200001510,E95599060,249152,NEFT,NEFT,P,S84250477,4/3/2017
533821210,SBIN0002860,,38980200001510,E95599060,400000,NEFT,NEFT,P,S84253560,4/3/2017
533821210,SBIN0002860,,38980200001510,E95599060,23140,NEFT,NEFT,P,S89240659,1/3/2017
533821210,SBIN0002860,,38980200001510,E95599060,1102000,NEFT,NEFT,P,S98199265,5/25/2017
533821210,SBIN0002860,,38980200001510,E95599060,260000,NEFT,NEFT,P,S49766648,5/3/2017
533821210,SBIN0002860,,38980200001510,E95599060,1600000,NEFT,NEFT,P,S91178217,7/4/2017
533821210,SBIN0004910,,38980200001510,E95599060,50000,NEFT,NEFT,P,S95862828,5/24/2017
533821210,SBIN0006274,,38980200001510,E95599060,96900,NEFT,NEFT,P,S45327609,1/30/2017
533821210,SBIN0006274,,38980200001510,E95599060,30000,NEFT,NEFT,P,S13135420,6/1/2017
533821210,SBIN0006274,,38980200001510,E95599060,50000,NEFT,NEFT,P,S13138290,6/1/2017
533821210,SBIN0007722,,38980200001510,E95599060,110424,NEFT,Inward reject for: S88804679,C,S89261640,1/3/2017
533821210,SBIN0007722,,38980200001510,E95599060,100000,NEFT,NEFT,P,S88804484,1/3/2017
533821210,SBIN0007722,,38980200001510,E95599060,220848,NEFT,NEFT,P,S91966314,1/4/2017
533821210,SBIN0010504,,38980200001510,TI102289604,1000000,RTGS,,S,S20839415,4/20/2017
533821210,SBIN0010504,,38980200001510,TI102289604,1062618,RTGS,,S,S28436477,4/24/2017
533821210,SBIN0010504,,38980200001510,TI102289604,720000,RTGS,,S, S6419640,4/13/2017
533821210,SBIN0010504,,38980200001510,TI102289604,1000000,RTGS,,S,S78929270,3/31/2017
533821210,SBIN0010504,,38980200001510,TI102289604,800000,RTGS,,S,S78944647,5/16/2017
533821210,SBIN0010504,,38980200001510,TI102289604,894600,RTGS,,S,S81637867,5/17/2017
533821210,SBIN0010504,,38980200001510,E95599060,355712,NEFT,NEFT,P,S69180463,5/11/2017
533821210,SBIN0011321,,38980200001510,E95599060,45000,NEFT,NEFT,P,S37089043,1/25/2017
533821210,SBIN0011321,,38980200001510,E95599060,40000,NEFT,NEFT,P,S37099286,1/25/2017
533821210,SBIN0012171,,38980200001510,TI102289604,600000,RTGS,,S,S93550270,2/21/2017
533821210,SBIN0012171,,38980200001510,E95599060,40000,NEFT,NEFT,P,S13145400,6/1/2017
533821210,SBIN0012171,,38980200001510,E95599060,290000,NEFT,NEFT,P,S23354544,6/5/2017
533821210,SBIN0012542,,38980200001510,E95599060,218000,NEFT,NEFT,P,S81764953,6/30/2017
533821210,SVCB0035002,,38980200001510,E95599060,400000,NEFT,NEFT,P,S79320870,6/29/2017
533821210,UBIN0541851,,38980200001510,E95599060,100000,NEFT,NEFT,P,S88793956,1/3/2017
533821210,UBIN0541851,,38980200001510,E95599060,70000,NEFT,NEFT,P,S88798257,1/3/2017
533821210,UBIN0544787,,38980200001510,E95599060,300000,NEFT,NEFT,P,S10522572,3/1/2017
533821210,UBIN0544787,,38980200001510,E95599060,600000,NEFT,NEFT,P, S5353535,2/27/2017
533821210,UBIN0544787,,38980200001510,E95599060,600000,NEFT,NEFT,P,S83616380,2/16/2017
533821210,UBIN0544787,,38980200001510,E95599060,28300,NEFT,NEFT,P,S88802519,1/3/2017
533821210,UBIN0544787,,38980200001510,E95599060,44000,NEFT,NEFT,P,S89253078,1/3/2017
533821210,UBIN0544787,,38980200001510,E95599060,494600,NEFT,NEFT,P,S38681452,3/14/2017
533821210,UBIN0555304,,38980200001510,E95599060,20000,NEFT,NEFT,P,S76120321,3/30/2017
533821210,UTIB0001395,,38980200001510,E95599060,28800,NEFT,NEFT,P,S34827446,1/24/2017
533821210,VIJB0007625,,38980200001510,E95599060,20000,NEFT,NEFT,P,S24877314,1/19/2017
534822211,BARB0AMBARI,,00010100001511,HA122450878,20000,NEFT,NEFT-ABHISHEK MEDHI,P,S56695204,8/1/2017
534822211,BARB0AMBARI,,00010100001511,HA122450878,21000,NEFT,NEFT-ABHISHEK MEDHI,P,S47071819,1/31/2017
534822211,BARB0AMBARI,,00010100001511,HA122450878,5000,NEFT,NEFT-ABHISHEK MEDHI,P,S93312090,7/5/2017
534822211,BARB0GAUHAT,,00010100001511,IZ107410813,14449,NEFT,NEFT-UNITED INDIA - DEDIC,P,S13896041,4/17/2017
534822211,BARB0GSROAD,,00010100001511,J0179230662,183228,NEFT,NEFT-HIMATSINGKA INFRASTR,P,S77733233,6/29/2017
534822211,HDFC0000264,,00010100001511,E95599060,180000,NEFT,NEFT,P,S81535520,6/30/2017
534822211,SBIN0002093,,00010100001511,E95599060,2430,NEFT,NEFT,P,S10271056,3/1/2017
534822211,SBIN0002093,,00010100001511,E95599060,5000,NEFT,NEFT,P,S60474545,8/2/2017
